id,product_id,size,color,stock_qty
1d20154c-97a2-42f9-8c06-506412bc8e0b,fb2edc9b-7885-44bf-b684-91bfd516c98e,S,,100
31a90b9c-de8d-46eb-b96e-714545ede077,fb2edc9b-7885-44bf-b684-91bfd516c98e,M,,100
1cccd627-6faf-450c-8f39-f35dddb62bf2,fb2edc9b-7885-44bf-b684-91bfd516c98e,L,,100
f991c6a8-3da3-4b7b-b3fc-d697eb5d9d86,fb2edc9b-7885-44bf-b684-91bfd516c98e,XL,,100
05c7f02a-1c65-4dfb-8734-8d18e30ad040,fb2edc9b-7885-44bf-b684-91bfd516c98e,XXL,,100
99a0ab95-6450-4ccc-bc19-a35fe973cc52,2d8fa254-280a-4205-82f8-62d67198eb90,S,,100
30543576-b65d-407d-a9f2-f6962b5b6e8a,2d8fa254-280a-4205-82f8-62d67198eb90,M,,100
cac61c1f-6903-40b3-9d6e-c19a47e5ab93,2d8fa254-280a-4205-82f8-62d67198eb90,L,,100
12501d05-bdaf-4169-bd56-f908a3181a5d,2d8fa254-280a-4205-82f8-62d67198eb90,XL,,100
2f7a12f0-3567-4153-a382-8051c7fd7b4b,2d8fa254-280a-4205-82f8-62d67198eb90,XXL,,100
9985e487-987f-4303-a442-d87330a8f2fa,7c6b8f04-f306-4f1e-9701-d0082d471835,S,,100
76243fae-15e1-4c75-a4a9-5980796713c6,7c6b8f04-f306-4f1e-9701-d0082d471835,M,,100
b0b22819-a8b4-4d8c-bd73-8cb712ac2d9f,7c6b8f04-f306-4f1e-9701-d0082d471835,L,,100
f76522f5-e0a6-4e33-a600-96e0b79f11f8,7c6b8f04-f306-4f1e-9701-d0082d471835,XL,,100
f9aab704-854f-496c-bd72-131d9bf22f37,7c6b8f04-f306-4f1e-9701-d0082d471835,XXL,,100
f901c3af-2031-4e49-924d-c6488b3a9d0d,8ca0aaa3-3679-420f-b500-e766bdcfa88e,S,,100
40fa4721-bab7-4763-8c5f-73a74ebf65b8,8ca0aaa3-3679-420f-b500-e766bdcfa88e,M,,100
82f3f569-9536-4601-800d-7c25a741563c,8ca0aaa3-3679-420f-b500-e766bdcfa88e,L,,100
c0873a93-c2ab-45aa-b9a8-14680a2e861a,8ca0aaa3-3679-420f-b500-e766bdcfa88e,XL,,100
e4c2b31d-a8d3-4805-bd21-570717a3a16c,8ca0aaa3-3679-420f-b500-e766bdcfa88e,XXL,,100
96d4972b-f042-46b3-b42d-b2ec9c5ede65,93cf28f9-afd8-4832-a3a4-4accebe15f07,S,,100
c56f9bfe-067c-49ce-87c8-f2760fa72c95,93cf28f9-afd8-4832-a3a4-4accebe15f07,M,,100
2ee13eff-dda4-4394-b795-a9439164749f,93cf28f9-afd8-4832-a3a4-4accebe15f07,L,,100
469e6868-6ba2-4833-90d4-8ede53d847cc,93cf28f9-afd8-4832-a3a4-4accebe15f07,XL,,100
9852c7cf-f006-4902-9409-9d257a42cf81,93cf28f9-afd8-4832-a3a4-4accebe15f07,XXL,,100
e9d574f5-983c-4fa3-8e17-00b29158c073,5ab3f4e1-7318-4345-ab27-f9ee0287a7ce,S,,100
b01b53cf-0734-477d-8b17-5613f2664b4e,5ab3f4e1-7318-4345-ab27-f9ee0287a7ce,M,,100
d1f49d3d-5678-486f-8a21-8c3fb98e8645,5ab3f4e1-7318-4345-ab27-f9ee0287a7ce,L,,100
1b0653bc-0be0-494c-b8e4-78cb432d86d5,5ab3f4e1-7318-4345-ab27-f9ee0287a7ce,XL,,100
2e1fe235-9168-4504-8514-75c942572f91,5ab3f4e1-7318-4345-ab27-f9ee0287a7ce,XXL,,100
de676f9d-fa58-4e37-8cf9-513ae4c2a099,99975a00-3c48-49db-9fd1-7e998950468f,S,,100
dce5561b-98f6-4dcd-9c0f-da6d09b36ea8,99975a00-3c48-49db-9fd1-7e998950468f,M,,100
8577385b-ddb5-4ad8-8e53-07f966a5c78e,99975a00-3c48-49db-9fd1-7e998950468f,L,,100
74be6598-1610-428e-a8d4-216ce7c5685a,99975a00-3c48-49db-9fd1-7e998950468f,XL,,100
1280a7e5-beee-4f94-a116-299b70323001,99975a00-3c48-49db-9fd1-7e998950468f,XXL,,100
dabc7246-6c07-4afc-9979-2c4edd9ede75,8b0ee641-7ff9-4596-99fd-7e1c6491dc17,S,,100
3ec53734-ca06-4cb3-a794-b885be73ffdc,8b0ee641-7ff9-4596-99fd-7e1c6491dc17,M,,100
0ede208c-5a69-4c07-9047-45cae2d1f9d8,8b0ee641-7ff9-4596-99fd-7e1c6491dc17,L,,100
59f6e7bf-59ae-4c00-8bb4-80304d76f182,8b0ee641-7ff9-4596-99fd-7e1c6491dc17,XL,,100
08899f0d-d8a6-454e-9850-e358b5482792,8b0ee641-7ff9-4596-99fd-7e1c6491dc17,XXL,,100
5ec1f0a5-c48b-4565-a848-4c4fbc3d971f,4e5c5b08-9e27-4e16-a7b5-811833bf251b,S,,100
ba0ce6d0-4e69-4f5e-8faa-0ae063faf559,4e5c5b08-9e27-4e16-a7b5-811833bf251b,M,,100
2dbf0932-7c3a-408a-8c74-81f5826a8adc,4e5c5b08-9e27-4e16-a7b5-811833bf251b,L,,100
886ac781-163f-4e30-89c3-b430376fa227,4e5c5b08-9e27-4e16-a7b5-811833bf251b,XL,,100
d643e476-377d-4303-8022-4378e02fc762,4e5c5b08-9e27-4e16-a7b5-811833bf251b,XXL,,100
e94ec0d0-4446-4bc8-a225-2536f700838a,38f5a626-5204-4645-a02a-43d4436868cc,S,,100
22fabee1-2afa-455e-86d0-9a9685368dd5,38f5a626-5204-4645-a02a-43d4436868cc,M,,100
1f7f0dc8-ec7d-4b66-93ee-ef22c0a81b57,38f5a626-5204-4645-a02a-43d4436868cc,L,,100
604a6d2d-edf3-420f-9659-bf4b9889c484,38f5a626-5204-4645-a02a-43d4436868cc,XL,,100
177d6a8e-9961-495b-83fb-c16e60d4fcb4,38f5a626-5204-4645-a02a-43d4436868cc,XXL,,100
884ead39-8b5e-4a6a-983e-ed8f8976f880,6be7ad12-457a-44cf-ab3d-726bc4642505,S,,100
e6e5140a-37c0-4069-a516-9e42926b293b,6be7ad12-457a-44cf-ab3d-726bc4642505,M,,100
57992303-ca4c-420d-bbe9-4afe6c15b621,6be7ad12-457a-44cf-ab3d-726bc4642505,L,,100
f84ab887-ee00-4052-afb5-8ac16895525b,6be7ad12-457a-44cf-ab3d-726bc4642505,XL,,100
cce85cb4-d7ae-4408-ab30-1b34bb12ff8f,6be7ad12-457a-44cf-ab3d-726bc4642505,XXL,,100
794448a4-bcbf-4447-9a17-2d7b1c75c02a,55c47d09-293f-4c52-bf0a-a20aad64533a,S,,100
43c3e04c-01d9-428a-8075-fc02a6d99b1a,55c47d09-293f-4c52-bf0a-a20aad64533a,M,,100
560390f6-8e27-4182-968e-e89a889db733,55c47d09-293f-4c52-bf0a-a20aad64533a,L,,100
042b2a35-2d13-46c6-a106-d295fbf16fe2,55c47d09-293f-4c52-bf0a-a20aad64533a,XL,,100
8c2c5f29-e295-426b-9ca4-fb2a9aee2bc4,55c47d09-293f-4c52-bf0a-a20aad64533a,XXL,,100
76edf09f-353b-4a6c-baac-c600f0415577,17556957-7849-4973-9425-fa6f579bbbb8,S,,100
823db275-d089-43ec-a3b9-e85ea7326805,17556957-7849-4973-9425-fa6f579bbbb8,M,,100
1a06147e-7f64-4ca4-86e0-e404ce03c78e,17556957-7849-4973-9425-fa6f579bbbb8,L,,100
a087a361-3f55-4b94-8e8b-fc7aa856f59b,17556957-7849-4973-9425-fa6f579bbbb8,XL,,100
8e17a2e7-4291-4169-b0b3-8f78cea185b3,17556957-7849-4973-9425-fa6f579bbbb8,XXL,,100
bc35aa90-2386-4f18-988b-a579cdb3ea97,d39c413c-2e0e-418a-a103-e4a7ca75fe39,S,,100
4a5fbe07-2966-4b2a-a4fd-8d7bd3477e1d,d39c413c-2e0e-418a-a103-e4a7ca75fe39,M,,100
c6ccaa77-880e-457a-b683-a1d27bc90ddc,d39c413c-2e0e-418a-a103-e4a7ca75fe39,L,,100
3435e92e-417b-412e-8f5c-0821d285041d,d39c413c-2e0e-418a-a103-e4a7ca75fe39,XL,,100
49aa3d2e-cbf0-450f-8542-c38299d91d94,d39c413c-2e0e-418a-a103-e4a7ca75fe39,XXL,,100
8008a473-4186-4de2-bfe5-93506a86924f,512d4ef0-9a37-4019-9429-ab21b630e624,S,,100
673b7fc0-6708-41f1-bddb-5e318a68e118,512d4ef0-9a37-4019-9429-ab21b630e624,M,,100
bf09ba35-a0a9-4e61-a3a0-5587d9079dd5,512d4ef0-9a37-4019-9429-ab21b630e624,L,,100
16116530-bd70-41c3-babb-acb936b579d8,512d4ef0-9a37-4019-9429-ab21b630e624,XL,,100
dfb667a0-37a3-4fbd-9075-902915ca93ad,512d4ef0-9a37-4019-9429-ab21b630e624,XXL,,100
c5db9279-fa6c-4924-afa8-c0be4a951eed,c22676b5-91b5-44ea-8fdd-2b9c93ec66b0,S,,100
2d5ab1cd-1524-4abb-bf3b-55b29cb901ef,c22676b5-91b5-44ea-8fdd-2b9c93ec66b0,M,,100
9eb462c5-1cc1-48ae-aa2a-11b17ed76db0,c22676b5-91b5-44ea-8fdd-2b9c93ec66b0,L,,100
61f3c94a-fa9e-46f7-86e9-e5847a4cb363,c22676b5-91b5-44ea-8fdd-2b9c93ec66b0,XL,,100
32a03d2d-c1f1-483a-91ec-1e6e5e620a8f,c22676b5-91b5-44ea-8fdd-2b9c93ec66b0,XXL,,100
e803237a-72c9-4473-951b-db522d1b028a,4eb89eb3-6455-4843-a2ac-21f29c8e508e,S,,100
f417e880-530b-44f9-800c-bafe5ca34ab4,4eb89eb3-6455-4843-a2ac-21f29c8e508e,M,,100
b9dce1b9-1fbc-419c-a27c-da9bf163b5a1,4eb89eb3-6455-4843-a2ac-21f29c8e508e,L,,100
19ef431d-b422-4fff-b80d-2ffa5f17f8b7,4eb89eb3-6455-4843-a2ac-21f29c8e508e,XL,,100
bb24baa2-8a86-4ab6-9dc7-e031425ae6e5,4eb89eb3-6455-4843-a2ac-21f29c8e508e,XXL,,100
46afe8e8-d597-4d10-a897-aa685bb1cd4d,3469952c-37d4-4fdf-980b-632512949d7d,S,,100
775af995-1b39-474a-930d-69db39bc60bf,3469952c-37d4-4fdf-980b-632512949d7d,M,,100
a20da7e0-98e1-460d-9dc1-b61185da6382,3469952c-37d4-4fdf-980b-632512949d7d,L,,100
7c65ca4b-054f-4f0b-9bfa-947f56215308,3469952c-37d4-4fdf-980b-632512949d7d,XL,,100
6e8f5b3b-aacd-4205-bfdb-334b254ddf62,3469952c-37d4-4fdf-980b-632512949d7d,XXL,,100
842cda7f-e13b-4f92-a906-fbf69bef3077,a35361a4-54a3-4dcc-87d5-73bf36c5ae9d,S,,100
65b60133-9a20-4cbb-9311-d495e7793727,a35361a4-54a3-4dcc-87d5-73bf36c5ae9d,M,,100
2201edb2-116c-4ecb-9180-702b37837d69,a35361a4-54a3-4dcc-87d5-73bf36c5ae9d,L,,100
be48e95e-882b-4f46-a357-a929e665a694,a35361a4-54a3-4dcc-87d5-73bf36c5ae9d,XL,,100
546e2f72-42c5-450b-a410-a6890044482e,a35361a4-54a3-4dcc-87d5-73bf36c5ae9d,XXL,,100
c2a7075b-e121-4dfa-9da2-872c2e5c05e6,57bbf383-4dfd-4beb-a536-7e4d80b9ea48,S,,100
10178734-c2e0-4747-9120-6a295f66703e,57bbf383-4dfd-4beb-a536-7e4d80b9ea48,M,,100
a1a7fb94-c295-4de5-acc3-33575dd51d98,57bbf383-4dfd-4beb-a536-7e4d80b9ea48,L,,100
0994056b-afb9-4f8b-bdd8-3d2e1ae7c1e4,57bbf383-4dfd-4beb-a536-7e4d80b9ea48,XL,,100
91049512-b9e0-41b8-b023-330d4b9da204,57bbf383-4dfd-4beb-a536-7e4d80b9ea48,XXL,,100
2dc3a3ba-e012-440c-ba96-086afa66e23a,cb275774-dffd-400f-b878-472c64ebdfbf,S,,100
08523c5d-23f9-4295-8c0a-b341ab33d3ee,cb275774-dffd-400f-b878-472c64ebdfbf,M,,100
9105272c-3c10-4723-ba8d-78dcce620396,cb275774-dffd-400f-b878-472c64ebdfbf,L,,100
0c513ac5-2466-48f0-b671-5ce1c5869f7e,cb275774-dffd-400f-b878-472c64ebdfbf,XL,,100
34794969-d8c4-4c39-b7ea-aaa167304edd,cb275774-dffd-400f-b878-472c64ebdfbf,XXL,,100
6129725e-b89f-45f4-b660-29e9136ff0be,285fa0b2-101c-4171-80bb-0b90f16f8f8f,S,,100
c202871a-daaf-4324-8803-d9d60ce2b513,285fa0b2-101c-4171-80bb-0b90f16f8f8f,M,,100
027ed23d-489c-4bfb-8d1e-877f01519adb,285fa0b2-101c-4171-80bb-0b90f16f8f8f,L,,100
0981818f-1b9a-4eae-b24c-ae986d05133a,285fa0b2-101c-4171-80bb-0b90f16f8f8f,XL,,100
96279f5e-c72e-4b64-8385-c7a904a6b1e1,285fa0b2-101c-4171-80bb-0b90f16f8f8f,XXL,,100
63292cc1-7182-4ac9-9736-36520a7aa529,140ea701-eed3-45a3-870f-b5087e4e450a,S,,100
627f0f04-e073-437e-9f05-926227d707c6,140ea701-eed3-45a3-870f-b5087e4e450a,M,,100
e20b693a-cc98-4625-a8f9-b6de64aa36b0,140ea701-eed3-45a3-870f-b5087e4e450a,L,,100
f72a705e-f171-41b6-8ac5-fa721e234aff,140ea701-eed3-45a3-870f-b5087e4e450a,XL,,100
f8f1fdbd-103b-4da8-bb6c-ebc2c9b6798b,140ea701-eed3-45a3-870f-b5087e4e450a,XXL,,100
6e9939df-ef84-4c23-8167-2ad288b8a186,196d54b4-d8d5-469f-b8b5-776b6e09cc68,S,,100
1a1119a6-61a9-41c6-93e3-f7d5e352adfb,196d54b4-d8d5-469f-b8b5-776b6e09cc68,M,,100
2553610a-adfe-4edf-a4f6-390ae5397f8d,196d54b4-d8d5-469f-b8b5-776b6e09cc68,L,,100
da5b2abd-876e-47e6-8259-8fcb1d3e1703,196d54b4-d8d5-469f-b8b5-776b6e09cc68,XL,,100
4ab8a24a-d549-4913-9b2c-8831ae52e3e2,196d54b4-d8d5-469f-b8b5-776b6e09cc68,XXL,,100
d7007afb-081c-46c4-bfc9-35beaaaa5200,202d9b3a-b7b0-446d-a77f-4d3a596fad7e,S,,100
2b42a6a1-150e-4f08-b7af-f334184b9c79,202d9b3a-b7b0-446d-a77f-4d3a596fad7e,M,,100
89398632-6498-4927-9123-0381134d3d65,202d9b3a-b7b0-446d-a77f-4d3a596fad7e,L,,100
e9db8a6a-e5c5-404c-9440-70fe9cfcb007,202d9b3a-b7b0-446d-a77f-4d3a596fad7e,XL,,100
3be55bca-d7b8-4ca6-9fef-e26c7ff318e4,202d9b3a-b7b0-446d-a77f-4d3a596fad7e,XXL,,100
52ab933c-97c2-4eaf-94d5-5984e1ff8d83,1cd2c9c7-6b61-41c0-bfdc-8850287b91f8,S,,100
18015702-6ac4-4db0-9743-5039e2b92712,1cd2c9c7-6b61-41c0-bfdc-8850287b91f8,M,,100
01150d11-dd30-4034-a510-a5c7ae5b7834,1cd2c9c7-6b61-41c0-bfdc-8850287b91f8,L,,100
2f2154d7-2754-4374-9b47-797719e47d17,1cd2c9c7-6b61-41c0-bfdc-8850287b91f8,XL,,100
cf12c25c-c36b-4f56-b1de-ad925893c248,1cd2c9c7-6b61-41c0-bfdc-8850287b91f8,XXL,,100
5cf001b1-69b0-48d4-9a45-bb3992ed6660,aaa89f98-ca2f-453c-9c97-50724ee060bb,S,,100
c70d450d-982f-4285-ae54-564fd2370a89,aaa89f98-ca2f-453c-9c97-50724ee060bb,M,,100
5957f493-e6b8-43bf-a447-0659fb252e93,aaa89f98-ca2f-453c-9c97-50724ee060bb,L,,100
03adbc0f-efbd-4f3f-a246-62dbc8551968,aaa89f98-ca2f-453c-9c97-50724ee060bb,XL,,100
dbc75b88-264a-4311-89a5-3cf6be75ee2d,aaa89f98-ca2f-453c-9c97-50724ee060bb,XXL,,100
98c0e22d-059d-4fa7-9be1-160bdbaa34c4,a56fbd1b-8eb7-468c-8732-33110c7cff77,S,,100
faba2575-2ff5-4f71-99f7-3a0fa4ad8c34,a56fbd1b-8eb7-468c-8732-33110c7cff77,M,,100
d555de65-c3fa-433f-ae61-ec276636cbbd,a56fbd1b-8eb7-468c-8732-33110c7cff77,L,,100
393352ea-8290-4e0f-ae1b-35b774dd2046,a56fbd1b-8eb7-468c-8732-33110c7cff77,XL,,100
6cfd2dec-fb62-4587-9e2c-bb1e0cccf1a0,a56fbd1b-8eb7-468c-8732-33110c7cff77,XXL,,100
4c1d2696-7671-4955-891e-f51c77e84d9d,b4d2b1f1-3c99-45fe-964a-7c89ed7508be,S,,100
078ecf01-fa44-41a5-8ed6-3366bc6ac4e1,b4d2b1f1-3c99-45fe-964a-7c89ed7508be,M,,100
f987e775-a260-401c-bd98-82708a041e1e,b4d2b1f1-3c99-45fe-964a-7c89ed7508be,L,,100
b7443f7e-4dbf-49a5-893b-47dd6eb6d157,b4d2b1f1-3c99-45fe-964a-7c89ed7508be,XL,,100
0d1ac39d-eb36-4f06-a298-d18c3bfedc3e,b4d2b1f1-3c99-45fe-964a-7c89ed7508be,XXL,,100
9b779ab0-fd59-4b2a-9b54-f3bf88a5daed,ca0b79ff-16c9-458f-82a7-d8f3c2e227c4,S,,100
ce0915d8-bf40-422a-8784-8991315408c5,ca0b79ff-16c9-458f-82a7-d8f3c2e227c4,M,,100
a2482b74-38d3-4f76-abc8-da0e016e6680,ca0b79ff-16c9-458f-82a7-d8f3c2e227c4,L,,100
f2f6918f-8599-4a86-81eb-f95a5e789f36,ca0b79ff-16c9-458f-82a7-d8f3c2e227c4,XL,,100
966e6679-d7f4-4d11-a739-8da5159eae4f,ca0b79ff-16c9-458f-82a7-d8f3c2e227c4,XXL,,100
822361dc-523b-49e8-9dc1-9a061ad69068,01d9ba6a-b7db-4abe-b1a8-5878e3f3802c,S,,100
880f814b-f73e-4335-a957-7ffc9227b58a,01d9ba6a-b7db-4abe-b1a8-5878e3f3802c,M,,100
cd9e0921-c5f3-453a-a356-19caea97c15e,01d9ba6a-b7db-4abe-b1a8-5878e3f3802c,L,,100
0f4eeb01-250f-4b52-8d47-02accdfa84f2,01d9ba6a-b7db-4abe-b1a8-5878e3f3802c,XL,,100
55fa511b-52f3-42b4-bc87-c1764c336fca,01d9ba6a-b7db-4abe-b1a8-5878e3f3802c,XXL,,100
e4df7540-4fb6-45d6-9230-8a78820d6507,f01c8b23-cef6-45bb-bc16-3259228c5890,S,,100
acfa4e85-52d7-4ea5-8c84-a145cd4eedf5,f01c8b23-cef6-45bb-bc16-3259228c5890,M,,100
9ad4dbfd-799a-4b3e-a96d-b63893a4f94f,f01c8b23-cef6-45bb-bc16-3259228c5890,L,,100
290347eb-e644-4c33-ae16-9a0e6d1392ac,f01c8b23-cef6-45bb-bc16-3259228c5890,XL,,100
64fb209c-d31b-49e2-b71a-50d9bea4c1b0,f01c8b23-cef6-45bb-bc16-3259228c5890,XXL,,100
e36555a0-6779-4d17-b2b0-b066af1e84ce,4acf8c45-4735-48aa-89bb-32cd908ad6d9,S,,100
f19e421e-9a31-4994-ad15-864d1054145b,4acf8c45-4735-48aa-89bb-32cd908ad6d9,M,,100
5565c376-134f-4981-8cd7-bfe488f20993,4acf8c45-4735-48aa-89bb-32cd908ad6d9,L,,100
c57f2746-5500-48d4-b4cb-5c4d75dbc59b,4acf8c45-4735-48aa-89bb-32cd908ad6d9,XL,,100
cb7180a8-6c10-4a65-b373-28ec109cd67a,4acf8c45-4735-48aa-89bb-32cd908ad6d9,XXL,,100
f6ac9219-877e-4a24-99f2-1ce354325b4f,1b8d1a3e-a4d2-4c0a-aa1d-f16c8033dce7,S,,100
a92ff0d6-3013-41e3-ab4c-e18029c6f0f5,1b8d1a3e-a4d2-4c0a-aa1d-f16c8033dce7,M,,100
2a4cb80d-8900-486b-8d75-98174c7a7797,1b8d1a3e-a4d2-4c0a-aa1d-f16c8033dce7,L,,100
179af204-64a6-405d-9044-805e5f609a34,1b8d1a3e-a4d2-4c0a-aa1d-f16c8033dce7,XL,,100
54ad3c97-8856-47c2-b286-f5ede5ac2a4b,1b8d1a3e-a4d2-4c0a-aa1d-f16c8033dce7,XXL,,100
c83e2e88-7730-4000-996f-30e41f767647,c92c86dc-b3ca-4c71-93c8-85f65b22cf0a,S,,100
500f5aab-31b1-4404-b3c3-caa7d55c2ec0,c92c86dc-b3ca-4c71-93c8-85f65b22cf0a,M,,100
6b44733d-eb30-448c-8da6-2f968fd4e297,c92c86dc-b3ca-4c71-93c8-85f65b22cf0a,L,,100
1fcbb827-53c8-4501-8bd7-9edd51aeec36,c92c86dc-b3ca-4c71-93c8-85f65b22cf0a,XL,,100
0a13f895-1dc2-4831-9d91-f6a1767a7285,c92c86dc-b3ca-4c71-93c8-85f65b22cf0a,XXL,,100
2b0044a2-369f-496e-a9fd-a53cd8f47010,8cb7e9a2-d9c0-4957-990f-761addfbb882,S,,100
e4567fe8-a187-4ac4-b6c9-e3020d65cf5a,8cb7e9a2-d9c0-4957-990f-761addfbb882,M,,100
939c5910-b4f2-43e2-91fc-37219c00cb0c,8cb7e9a2-d9c0-4957-990f-761addfbb882,L,,100
d2347a4c-31e7-4053-9bd7-7ffe25dd4126,8cb7e9a2-d9c0-4957-990f-761addfbb882,XL,,100
387aaa27-403b-4b78-9c45-9e6046283d3d,8cb7e9a2-d9c0-4957-990f-761addfbb882,XXL,,100
b86c25d6-27e6-44d6-90cc-186ba6336485,afd258d3-7c73-4826-8e38-155b6104f771,S,,100
730db937-f070-47c9-880b-f9444df6cdc6,afd258d3-7c73-4826-8e38-155b6104f771,M,,100
6634fa75-6539-4db2-a7f2-a5f4a05f1f5d,afd258d3-7c73-4826-8e38-155b6104f771,L,,100
9f000eb9-30db-4a0f-b32c-0ba4795ab347,afd258d3-7c73-4826-8e38-155b6104f771,XL,,100
7ee1bb93-2253-4247-abd3-73cd28cc87be,afd258d3-7c73-4826-8e38-155b6104f771,XXL,,100
06e46cb8-0f0a-424d-b6b0-6cc003754871,1296f1a7-0740-4605-bb0d-f5de4b8ce125,S,,100
12836c68-b4bb-4029-8e6f-6c106a379294,1296f1a7-0740-4605-bb0d-f5de4b8ce125,M,,100
f6d7feae-504d-4855-872d-ef41f87e4a97,1296f1a7-0740-4605-bb0d-f5de4b8ce125,L,,100
8f3ae947-6769-4f3a-b2ef-960e54a1b857,1296f1a7-0740-4605-bb0d-f5de4b8ce125,XL,,100
ec0cc441-e696-4014-906b-ee8b6fc83d37,1296f1a7-0740-4605-bb0d-f5de4b8ce125,XXL,,100
b749661d-ec04-4970-9738-b92fd3e6dc22,7d0fe76f-fbc2-4ca9-8275-1e15e3c62f9f,S,,100
a7c4737f-249f-468e-ae3d-c550d20faf4e,7d0fe76f-fbc2-4ca9-8275-1e15e3c62f9f,M,,100
0688e6af-26b7-45bc-b8b0-a8f2a48be0bc,7d0fe76f-fbc2-4ca9-8275-1e15e3c62f9f,L,,100
b5d5d324-6389-40cd-9bf2-51eb81cb90c7,7d0fe76f-fbc2-4ca9-8275-1e15e3c62f9f,XL,,100
a7a55e8f-5214-4eb0-98d0-0482f638f39e,7d0fe76f-fbc2-4ca9-8275-1e15e3c62f9f,XXL,,100
dc146728-27cb-4fb6-9ed0-c880f6040ed8,d61ae7da-62c9-4594-bcca-e96435802e0c,S,,100
eae9a460-e7a6-4edd-bad0-f143d980b319,d61ae7da-62c9-4594-bcca-e96435802e0c,M,,100
062853ba-fb2a-443e-9497-812636300269,d61ae7da-62c9-4594-bcca-e96435802e0c,L,,100
4e357c0d-5e55-4226-8454-50036a029231,d61ae7da-62c9-4594-bcca-e96435802e0c,XL,,100
5c739ba0-9ab7-4a0f-8bbb-586c54dbb5bc,d61ae7da-62c9-4594-bcca-e96435802e0c,XXL,,100
74cd4875-de34-4da8-8ebe-f0b286820eae,7e3d128e-7a2e-49ae-8b4c-37ca12eb3132,38,,5
7bb90bea-d5da-448e-b913-6b4cc8bac728,7e3d128e-7a2e-49ae-8b4c-37ca12eb3132,40,,5
45b7910e-6c59-4550-831d-dee7d6a536c3,7e3d128e-7a2e-49ae-8b4c-37ca12eb3132,42,,5
dd7ca59c-6aed-492a-81d7-3ffb714b6c69,7e3d128e-7a2e-49ae-8b4c-37ca12eb3132,44,,5
11619f78-40e2-448b-b257-ea8bbe231e7b,7e3d128e-7a2e-49ae-8b4c-37ca12eb3132,46,,5
7957e4fe-c498-4521-9908-9fc7327ef1aa,4b37019f-8a03-4aab-a4b0-52efe76f2be4,38,,5
2bcf0611-4343-4b74-bab9-b2836df84b32,4b37019f-8a03-4aab-a4b0-52efe76f2be4,40,,5
8e40d392-d4a4-4a19-bf9b-8969adf6ca57,4b37019f-8a03-4aab-a4b0-52efe76f2be4,42,,5
bbb95e28-6898-4c5f-942f-522ea132aa9d,4b37019f-8a03-4aab-a4b0-52efe76f2be4,44,,5
0929fceb-11b5-4aa0-8c2f-d31301baa8db,4b37019f-8a03-4aab-a4b0-52efe76f2be4,46,,5
9bb33735-7b2f-4cf7-82d6-a0a83fe428fd,115da175-dfaa-45a0-821c-63714ed70a95,38,,5
9ae68d67-5890-4f18-90dd-6fce24df1839,115da175-dfaa-45a0-821c-63714ed70a95,40,,5
cfa21c27-a6df-40a8-80d2-b50223281225,115da175-dfaa-45a0-821c-63714ed70a95,42,,5
35e75203-119c-4ddb-b514-77385aa7a7f3,115da175-dfaa-45a0-821c-63714ed70a95,44,,5
79bb2d11-c13b-492e-a117-c91a253b4f54,115da175-dfaa-45a0-821c-63714ed70a95,46,,5
73b0a89b-da49-45ec-90f9-83ecab2c2a40,2ede46c3-943a-4883-9368-0996e759589e,38,,5
b00c465b-3e34-44bc-a719-d82bca5b7941,2ede46c3-943a-4883-9368-0996e759589e,40,,5
3a2ee866-b1b7-4f91-83c7-245e8d093d5c,2ede46c3-943a-4883-9368-0996e759589e,42,,5
0c895620-7130-488f-bd9d-e9e6ad4bef22,2ede46c3-943a-4883-9368-0996e759589e,44,,5
79c889e9-f563-41a7-b052-e26c3892161c,2ede46c3-943a-4883-9368-0996e759589e,46,,5
fde5042e-58a5-4c66-b97e-08b4d300b76a,75054fe5-105f-4285-9db3-1d1b1d0a5d63,38,,5
faa4ae91-40af-44be-aa47-e7ab80ef179f,75054fe5-105f-4285-9db3-1d1b1d0a5d63,40,,5
d395ce44-9d52-4311-9a41-5ed671be1525,75054fe5-105f-4285-9db3-1d1b1d0a5d63,42,,5
cafeffc6-e0b4-4e84-b3bb-39c61e6d58d4,75054fe5-105f-4285-9db3-1d1b1d0a5d63,44,,5
2c19dcbe-525d-4dda-aba0-cf0958bea42d,75054fe5-105f-4285-9db3-1d1b1d0a5d63,46,,5
0fb3f36c-fbd6-4d3a-b492-942ce96be839,a7e03f99-bc20-4ce0-bf5b-c0b3d7077d22,38,,5
6b64dc94-07bf-4bd8-860a-62039dce6815,a7e03f99-bc20-4ce0-bf5b-c0b3d7077d22,40,,5
bbf8a0ce-78be-4819-94b4-400f83199715,a7e03f99-bc20-4ce0-bf5b-c0b3d7077d22,42,,5
46839d9f-0b03-4a62-92fe-b424411af6e7,a7e03f99-bc20-4ce0-bf5b-c0b3d7077d22,44,,5
ebd97e03-4025-417b-9fcd-133b1e7a26e0,a7e03f99-bc20-4ce0-bf5b-c0b3d7077d22,46,,5
617135c7-8965-43ca-8f91-c8aeb40b3c56,b261f3e0-4033-491e-9928-82b48ad8a1bb,38,,5
6bf989b4-6b3a-467e-9fb8-be4fb406a6c9,b261f3e0-4033-491e-9928-82b48ad8a1bb,40,,5
24b202cc-2e7f-4380-815d-2fb2e9dbdf4a,b261f3e0-4033-491e-9928-82b48ad8a1bb,42,,5
788c0f16-024f-4afa-b99a-c05f575a0d9b,b261f3e0-4033-491e-9928-82b48ad8a1bb,44,,5
6e81218c-a1eb-4b64-a9bf-15c189d36e06,b261f3e0-4033-491e-9928-82b48ad8a1bb,46,,5
49eda22d-cf60-4420-a98f-3368a87bafe3,cb695385-4662-4782-99dd-9aada25b0869,38,,5
debf2425-6677-431e-b740-136cbb4244ea,cb695385-4662-4782-99dd-9aada25b0869,40,,5
cb8e89df-b5a6-4b4a-92c0-60228621abdd,cb695385-4662-4782-99dd-9aada25b0869,42,,5
fa467965-77c9-4de3-ac39-8c1634b12f63,cb695385-4662-4782-99dd-9aada25b0869,44,,5
3786e321-df86-4c4b-9e5b-92c9ef126fc0,cb695385-4662-4782-99dd-9aada25b0869,46,,5
6326c258-2254-445c-80ac-828fd897a785,afc6239f-164a-4822-ae35-e9fb92911e68,38,,5
f3598d1c-c236-489b-b4fa-9fb6ee4bb311,afc6239f-164a-4822-ae35-e9fb92911e68,40,,5
3e26249c-633e-4205-9567-11591653c061,afc6239f-164a-4822-ae35-e9fb92911e68,42,,5
0ad3c866-5068-4887-9c06-d7c7c4c069b1,afc6239f-164a-4822-ae35-e9fb92911e68,44,,5
74d813d7-10bc-4517-9ad3-671af1652067,afc6239f-164a-4822-ae35-e9fb92911e68,46,,5
f28ee2e1-dc3f-4f27-a673-6291345aa5cb,8b0f975f-ddf1-43ae-afe9-8a97d08e588c,38,,5
4e43b0f6-b2c3-47d4-b253-35a4ebb52075,8b0f975f-ddf1-43ae-afe9-8a97d08e588c,40,,5
dbfe8c8d-19bf-4652-ba94-ddd488c2c2e0,8b0f975f-ddf1-43ae-afe9-8a97d08e588c,42,,5
edd205af-e788-4574-a1aa-b04bbb4a6b21,8b0f975f-ddf1-43ae-afe9-8a97d08e588c,44,,5
853f0952-ef25-4e19-b94f-43794ba9fa87,8b0f975f-ddf1-43ae-afe9-8a97d08e588c,46,,5
fe50f178-c2ef-4e63-9e2b-4d926c91f412,e2a4db50-4fb8-478e-a784-2680e9e32258,38,,5
fa2b0870-0abf-4d18-93a8-0518b097c7e2,e2a4db50-4fb8-478e-a784-2680e9e32258,40,,5
fec75d93-c1dc-441f-b145-7b79e8427000,e2a4db50-4fb8-478e-a784-2680e9e32258,42,,5
81feaeef-4e9d-4668-a24d-4d5dcb8d7ff7,e2a4db50-4fb8-478e-a784-2680e9e32258,44,,5
3d7b9bdc-2b2d-4c43-b304-46e800313d52,e2a4db50-4fb8-478e-a784-2680e9e32258,46,,5
184fc212-0c01-477f-994c-3707d52621b5,28587682-8930-41fd-a6b8-55b649609f8b,38,,5
a57f1294-4432-4eac-b094-2fbd15184912,28587682-8930-41fd-a6b8-55b649609f8b,40,,5
8f314d3a-53b6-46f6-ae0b-f791c3020e88,28587682-8930-41fd-a6b8-55b649609f8b,42,,5
98da0e2f-defc-493d-b32d-8e453f7ad185,28587682-8930-41fd-a6b8-55b649609f8b,44,,5
7d68bea0-205a-4876-aeb2-60d406ed7aa6,28587682-8930-41fd-a6b8-55b649609f8b,46,,5
0fc343e0-8a70-4224-8d03-9e83bf8148a4,21e416e2-ee01-44c0-b018-935adc125812,38,,5
29c69122-87a4-4625-91d6-0f803f8c065e,21e416e2-ee01-44c0-b018-935adc125812,40,,5
f3f1a504-d3e8-4cc9-bc2d-08a4729b7c7c,21e416e2-ee01-44c0-b018-935adc125812,42,,5
b5f5b5c8-4fea-49e2-b520-b593c4ed757c,21e416e2-ee01-44c0-b018-935adc125812,44,,5
4f8e4439-338c-40ea-bece-8a08d2b5bb61,21e416e2-ee01-44c0-b018-935adc125812,46,,5
4ce2ed33-4bdb-4247-969c-4c9d1afe7eb8,5566f9a2-cfef-44b3-aa91-8a14a5c2a6e4,38,,5
25d9c007-e972-4197-91c5-6eb3069c7291,5566f9a2-cfef-44b3-aa91-8a14a5c2a6e4,40,,5
bb20fa04-7175-475c-ae5d-6072aecdc64a,5566f9a2-cfef-44b3-aa91-8a14a5c2a6e4,42,,5
0e72bbd1-bcaa-4006-beb9-9a088a54c6da,5566f9a2-cfef-44b3-aa91-8a14a5c2a6e4,44,,5
e37f6bfa-c5f1-4844-b17a-4fabf5e989d0,5566f9a2-cfef-44b3-aa91-8a14a5c2a6e4,46,,5
955f31c1-1ac2-49ac-88ee-935b1f68c55a,8f4c2bc9-dfd4-400a-b2ac-1851b7c757bd,38,,5
9df163c4-3b1f-41e2-be7e-25b34d62a531,8f4c2bc9-dfd4-400a-b2ac-1851b7c757bd,40,,5
a41d8c4d-c4a2-4470-add0-cda9aa896a9c,8f4c2bc9-dfd4-400a-b2ac-1851b7c757bd,42,,5
852e7b9e-a1b7-469c-95db-1fe4024a1560,8f4c2bc9-dfd4-400a-b2ac-1851b7c757bd,44,,5
48ca256f-cfce-4ba6-a172-ef079f5aac93,8f4c2bc9-dfd4-400a-b2ac-1851b7c757bd,46,,5
e1c65d54-20e2-4354-b3c3-276639375b65,04513120-e1f2-498f-a0af-3701cfcae4f4,38,,5
cfb30f45-a4a6-49d0-922d-8d7df6854f8b,04513120-e1f2-498f-a0af-3701cfcae4f4,40,,5
a8fee66d-a32d-48d7-adec-8e4565aa9cc8,04513120-e1f2-498f-a0af-3701cfcae4f4,42,,5
d77290b8-8141-4609-962e-2b5cf40905bb,04513120-e1f2-498f-a0af-3701cfcae4f4,44,,5
a2b7ed88-b17d-4a95-9535-34a102809643,04513120-e1f2-498f-a0af-3701cfcae4f4,46,,5
97cb6afc-7241-454d-9296-447651e15410,9c12297b-e521-4074-b366-682bbab666fd,38,,5
f437f62b-3074-4d52-b0de-bdf8d44ff4bf,9c12297b-e521-4074-b366-682bbab666fd,40,,5
9b22422e-6e56-452b-b0a6-a5d58865b1e1,9c12297b-e521-4074-b366-682bbab666fd,42,,5
5014d10d-3ab7-4255-8b91-b5b044816a2d,9c12297b-e521-4074-b366-682bbab666fd,44,,5
00c52b50-e737-4d97-81ba-7ed3600e4175,9c12297b-e521-4074-b366-682bbab666fd,46,,5
711f28c6-bf59-447e-a637-13fb0be6f80b,2aadd79b-08c0-4301-b77e-f83975e6bc2e,38,,5
76adc468-ef50-45d7-ad75-db451020b635,2aadd79b-08c0-4301-b77e-f83975e6bc2e,40,,5
7e595112-9ac3-4ba1-a2aa-eb4b156bfad0,2aadd79b-08c0-4301-b77e-f83975e6bc2e,42,,5
f4c6c3ff-f434-4878-8393-25a509fe83b8,2aadd79b-08c0-4301-b77e-f83975e6bc2e,44,,5
7c3641e1-5b6e-4ffb-b7ef-65a289fb2247,2aadd79b-08c0-4301-b77e-f83975e6bc2e,46,,5
9b763ab0-a43f-4184-90f8-2b8fce639894,0a532b52-d045-445e-ae20-a8270608733f,38,,5
0083054b-f178-4bd1-8f0f-771728d17451,0a532b52-d045-445e-ae20-a8270608733f,40,,5
ea0d1bae-f6de-424d-90cd-4939b267583b,0a532b52-d045-445e-ae20-a8270608733f,42,,5
abc462e3-927a-4c7b-b414-ce514a5de478,0a532b52-d045-445e-ae20-a8270608733f,44,,5
672d3517-79d8-4e01-aaf9-4949ff2524e1,0a532b52-d045-445e-ae20-a8270608733f,46,,5
72370875-26d0-4c11-90d0-8ab797b1fbce,0d536b79-3efa-4dec-81de-b8929ba28100,38,,5
3c2d6620-94e1-435c-99a3-66f345b50d31,0d536b79-3efa-4dec-81de-b8929ba28100,40,,5
0d4f6269-bb42-4ab9-9e00-ce664dd978d6,0d536b79-3efa-4dec-81de-b8929ba28100,42,,5
0f1715c2-809b-4435-ba4c-20d7e46afa9d,0d536b79-3efa-4dec-81de-b8929ba28100,44,,5
b11b14cc-3cb5-49c6-aa1c-ad85312c2101,0d536b79-3efa-4dec-81de-b8929ba28100,46,,5
78f3d6b4-b1a7-4b92-9a50-642f8d0a2869,4e7dfe36-87fb-4de5-94b4-539b67cf0269,38,,5
252a779c-c26e-40e8-b790-e58003db7abf,4e7dfe36-87fb-4de5-94b4-539b67cf0269,40,,5
69c8e066-0ed8-4fc6-bcc0-9e8615b780e1,4e7dfe36-87fb-4de5-94b4-539b67cf0269,42,,5
43c1bead-f544-479c-862a-88a845b01b05,4e7dfe36-87fb-4de5-94b4-539b67cf0269,44,,5
820d3a02-bd47-4cc1-b063-e926fa44892c,4e7dfe36-87fb-4de5-94b4-539b67cf0269,46,,5
478d174d-9363-4014-af90-a8110db24186,d9926923-a2c6-44dd-a8db-4fe58eb2cc33,38,,5
7acaad84-4df6-4d33-bcac-a70878190533,d9926923-a2c6-44dd-a8db-4fe58eb2cc33,40,,5
2f01d9ad-ea26-4230-8793-28a5158e9921,d9926923-a2c6-44dd-a8db-4fe58eb2cc33,42,,5
d0aef5b9-9dba-4ffe-825d-cdd607ebbd0c,d9926923-a2c6-44dd-a8db-4fe58eb2cc33,44,,5
26dcbeff-7486-42f0-8766-3967d8058e1c,d9926923-a2c6-44dd-a8db-4fe58eb2cc33,46,,5
08170417-d3a2-43a3-b01d-55d70a19619b,f24a1522-56a3-40ad-b2ca-79d0e5f18e58,38,,5
0af0bfdf-0039-4018-b010-b35989ecf7e7,f24a1522-56a3-40ad-b2ca-79d0e5f18e58,40,,5
15b53db4-3695-4a13-a99b-b1c44172c9f6,f24a1522-56a3-40ad-b2ca-79d0e5f18e58,42,,5
7d808a71-d68b-4503-8cda-6de0187bebda,f24a1522-56a3-40ad-b2ca-79d0e5f18e58,44,,5
19228905-0649-48a0-bbaf-9170b0a15a63,f24a1522-56a3-40ad-b2ca-79d0e5f18e58,46,,5
7576e55f-697f-43f5-a07d-d793421b855b,287c52d6-bc7e-42c0-ab53-74a09ab43531,38,,5
ef839859-285f-4c00-80ad-6c9889080b10,287c52d6-bc7e-42c0-ab53-74a09ab43531,40,,5
066cf92c-a8cb-4af3-b886-46588954c6d4,287c52d6-bc7e-42c0-ab53-74a09ab43531,42,,5
b2203b6c-f642-4e54-a973-8daf48ccfe0f,287c52d6-bc7e-42c0-ab53-74a09ab43531,44,,5
a2b66549-84e8-4aca-9e84-1eeb34c7800c,287c52d6-bc7e-42c0-ab53-74a09ab43531,46,,5
e3826141-959f-4ddd-acb2-f2c305140fa7,291a959f-7089-447e-8f98-ddd61d65fb5a,38,,5
1d8e32e9-694e-413e-b383-320bee532630,291a959f-7089-447e-8f98-ddd61d65fb5a,40,,5
2d4a41dc-bec4-4dbf-8dbe-31ea878e898c,291a959f-7089-447e-8f98-ddd61d65fb5a,42,,5
0fe54867-5a36-4251-92c3-e9223ee3bcbf,291a959f-7089-447e-8f98-ddd61d65fb5a,44,,5
071c94b4-f465-4491-a933-e5be91a2aff3,291a959f-7089-447e-8f98-ddd61d65fb5a,46,,5
e8d4b36c-d8bc-4b1c-bf07-148c5c23ed72,64334984-7214-4e05-9720-c31d707937b4,38,,5
f9775dfa-6dba-477f-bc18-ef9438badc88,64334984-7214-4e05-9720-c31d707937b4,40,,5
0a5b3629-979e-4682-bca1-72f96bbca8d6,64334984-7214-4e05-9720-c31d707937b4,42,,5
4830354c-dfcb-49c2-87f4-0d5fc35151ca,64334984-7214-4e05-9720-c31d707937b4,44,,5
396c7a44-ca94-4e92-b6d1-81128cf8e280,64334984-7214-4e05-9720-c31d707937b4,46,,5
1cdd031f-71e0-4e18-96f1-708173ab6345,3dafda07-00ac-4837-bf9e-9ddf5311ccaf,38,,5
6f93f419-be37-4c5d-adce-7aa68497e65e,3dafda07-00ac-4837-bf9e-9ddf5311ccaf,40,,5
0cd315c8-3618-4272-8cf5-d7512d41a5c4,3dafda07-00ac-4837-bf9e-9ddf5311ccaf,42,,5
e9458a64-2d39-4cba-800d-a12506c13266,3dafda07-00ac-4837-bf9e-9ddf5311ccaf,44,,5
625f6e9e-f5ad-4ed0-86cb-f2537b4d04f4,3dafda07-00ac-4837-bf9e-9ddf5311ccaf,46,,5
8187719b-7b01-4cf2-9e70-8c6481ca64aa,75aba3e4-1d11-4d57-8424-c4fb006b7d5f,38,,5
d4d907cb-9b39-4d8f-a51c-b1c8543adc85,75aba3e4-1d11-4d57-8424-c4fb006b7d5f,40,,5
a37cd73f-198e-4c10-b6a1-8b5993b23f23,75aba3e4-1d11-4d57-8424-c4fb006b7d5f,42,,5
38b41e31-32d6-4bb4-93c6-7be7e21201a7,75aba3e4-1d11-4d57-8424-c4fb006b7d5f,44,,5
2ec270af-8ad1-4e65-bcbd-111e78e58426,75aba3e4-1d11-4d57-8424-c4fb006b7d5f,46,,5
