id,product_id,url,sort_order
7558dabd-06e8-4366-a7e3-636e5564fe9d,9f1fcba9-eb09-470d-ab4c-bcc2850c9f3b,https://api.nixopay.com/public/storage/16773/tmp6md0_huo_p1.jpg,0
20b9e7a4-6c96-492d-bd33-3e535d11d1a9,fdeb6aa4-f82b-4495-ad98-890ae45a1f6c,https://api.nixopay.com/public/storage/16775/tmpio6sgqe5_p2.jpg,0
4c26da5a-91ec-4f60-8a95-16c9ebb88af6,f2b6742b-17b1-45f1-9055-adff32e115cd,https://api.nixopay.com/public/storage/16777/tmpakwunirm_p3.jpg,0
36da3857-1763-4ee2-8600-ff5b72258f61,bdc07a4c-5236-4786-97c5-31d55e6b7e5d,https://api.nixopay.com/public/storage/16779/tmpn0xr779d_p4.jpg,0
3f6c68e6-9d7c-4c41-934e-09d72c64c80c,8cb8b655-695e-49d5-97de-03ee368eb751,https://api.nixopay.com/public/storage/16781/tmpxu_2bdj3_p5.jpg,0
90efbe64-3d10-4a94-a5fb-6181a66ecb37,e0630480-265f-42b5-b656-e76d7cd08ec6,https://api.nixopay.com/public/storage/16783/tmpc157boi5_p6.jpg,0
5121b140-9b3d-4e9e-b509-07a01a71b7ed,bb0014fe-2336-4ec9-9135-2a9d8366bc83,https://api.nixopay.com/public/storage/16785/tmp0rfymk8r_p7.jpg,0
933f17f1-138d-4c0f-a63f-83baf909ac06,a8b6918e-55bb-4324-ac65-e207ee270e35,https://api.nixopay.com/public/storage/16787/tmpi8ucdn52_p8.jpg,0
271b573b-41f6-4f9c-9f71-487146946992,4dee7945-de7f-4283-b05e-15d71cb0741c,https://api.nixopay.com/public/storage/16789/tmp2pghsbhc_p9.jpg,0
70d73be6-027e-440d-bf27-bce99b9c51ea,15a59524-6423-436d-b410-55f310350096,https://api.nixopay.com/public/storage/16791/tmpomibmhu5_p10.jpg,0
1519f9a7-3366-4f57-9668-6c2e942f126a,a862c7d4-b9ee-48ec-be3e-d76b3c4997bf,https://api.nixopay.com/public/storage/16793/tmpgw_03wz1_p11.jpg,0
1064d616-a3cc-4793-9049-96f9ecaab858,009acc0a-6bef-4d9b-b743-d326a6cdbdef,https://api.nixopay.com/public/storage/16795/tmpwsx6cfq6_p12.jpg,0
3973eddd-11fb-4e92-8022-912dea9d4ec5,0d21d46a-6633-46d9-aa1f-205fe7af46bf,https://api.nixopay.com/public/storage/16797/tmpoc4e_a9l_p13.jpg,0
a3b13d19-4f92-471f-a0d1-324fb22ae594,aad9ce9a-2eb3-416a-995f-180999257bae,https://api.nixopay.com/public/storage/16799/tmpuelsrbmv_p14.jpg,0
42664423-0664-4338-9392-784008dab7f2,cf340725-6989-4ed8-a252-991167691dad,https://api.nixopay.com/public/storage/16801/tmpixq5aoy8_p15.jpg,0
191b34bf-586d-4748-ba07-52bcb75992cd,400727d5-0f3d-4bd0-aab6-55920053d149,https://api.nixopay.com/public/storage/16803/tmp67gppx_u_p16.jpg,0
60201382-11b9-4655-8be6-0b92cb472c0f,68e3e13e-06dd-44eb-9c02-2569795faf08,https://api.nixopay.com/public/storage/16805/tmpmtpy4dro_p17.jpg,0
36df57a7-c7fb-42ab-98d2-94baf71aedfe,fc2119b6-17fe-4401-9bc4-37a64fa04ffb,https://api.nixopay.com/public/storage/16807/tmpuytz1fhb_p18.jpg,0
fbc2f387-69a4-45d1-887f-f348741340a5,545d5810-43bb-4273-b0c7-07c86bd1526a,https://api.nixopay.com/public/storage/16809/tmpyyyne0qx_p19.jpg,0
0b438c6c-902d-4a01-a40b-0c4e1a382ddd,f9dd4a05-81cf-462a-9ad5-81d334e7e83a,https://api.nixopay.com/public/storage/16811/tmpfkceyf94_p20.jpg,0
f72f4109-8ab1-40fa-a72d-0c3490d4e186,a7439198-62fc-4849-a160-daab14ef9c79,https://api.nixopay.com/public/storage/16813/tmpa__iznzf_p21.jpg,0
509201b2-b418-4f06-94b0-73a919dbdb9f,10556a74-0489-494f-bedf-4d3856cb0fc1,https://api.nixopay.com/public/storage/16815/tmprh356knb_p22.jpg,0
36219bb1-5972-4034-8bbb-294bcf18f710,b068db70-f656-4df6-b3bd-14f517736abb,https://api.nixopay.com/public/storage/16817/tmp6dsiq175_p23.jpg,0
11352666-241d-4474-8abc-09e916db808d,9c215c46-6f25-4d1e-b0ac-7fd86deb9ba0,https://api.nixopay.com/public/storage/16819/tmp17iuirum_p24.jpg,0
3ad5bbec-44ae-4614-9ec9-77a6917819b0,3ae88f2e-eb95-4853-8fea-b86c8331cdd6,https://api.nixopay.com/public/storage/16821/tmpdsifqshv_p25.jpg,0
3cdd4d49-5313-47af-8cfb-61fbc6277762,3f181886-4516-4fec-8b01-34d4242f5515,https://api.nixopay.com/public/storage/16823/tmpztn1v63e_p26.jpg,0
a92b72d3-852d-499d-9091-bbb083ffe05d,c382fe22-c207-4e85-94e8-284e65f611c3,https://api.nixopay.com/public/storage/16825/tmpefmaozwc_p27.jpg,0
b55e3431-a649-4188-a0f6-47bf13caec67,a9f4f0db-5ad5-4194-8afc-aa54b32c212f,https://api.nixopay.com/public/storage/16827/tmpm6tb302q_p28.jpg,0
b731747a-00b7-4f5e-842e-929b7f1caadf,ea54c5df-fb14-48ff-be82-332c9e07abc3,https://api.nixopay.com/public/storage/16829/tmpskvgc5e6_p29.jpg,0
e34d0163-82a5-4866-8349-f8f6d20babc7,36d98588-6c11-40e3-a2a3-cb60d509ebdc,https://api.nixopay.com/public/storage/16831/tmp_rapi2vc_p30.jpg,0
77a640c3-8410-45a6-b449-7c1d6ccb67cc,cbf6a5e3-fbdc-44a3-aa94-60df9ff2cf93,https://api.nixopay.com/public/storage/16833/tmpsxf_9gr5_p31.jpg,0
b456e09a-6a63-4ab9-a83f-0c087009ba01,4e34314a-3888-4edd-8533-96c7d1243f7c,https://api.nixopay.com/public/storage/16835/tmpvuwu0suc_p32.jpg,0
f1d4a4f8-eb03-4d96-b18f-ac7e0b97f965,7f75b278-d5a7-4fb6-b5b6-fd55cee353f7,https://api.nixopay.com/public/storage/16837/tmpgjumvttk_p33.jpg,0
b0c086a2-d7b7-4ac6-a8de-d52ac47310dd,e960bc33-f993-441c-a6cb-0cd47810a8ae,https://api.nixopay.com/public/storage/16839/tmpc2v66zlp_p34.jpg,0
0be6eb35-9a5e-426b-9685-302d4937783f,e3d4cbf5-c938-4b8f-9ceb-c1296279c7bd,https://api.nixopay.com/public/storage/16841/tmpme_wa2v0_p35.jpg,0
27534d45-28b4-4e15-b232-a4cd38b6d767,c71ea916-219b-4253-a78d-b144377f01ee,https://api.nixopay.com/public/storage/16843/tmpv4aolqf7_p36.jpg,0
e8201b91-beb1-44eb-ad66-c2d924183b5e,ab230373-e7f8-4709-92cf-d65d016dfb91,https://api.nixopay.com/public/storage/16845/tmpdxkhv6zn_p37.jpg,0
f61a688f-7303-4f27-8355-e07b566ee24c,c359509f-5211-426b-8cb5-1bb1364eae78,https://api.nixopay.com/public/storage/16847/tmp70ak8te5_p38.jpg,0
d24e82e9-f84b-4949-a096-ddcbfca938a4,66928987-776c-4cc8-83af-12097f059775,https://api.nixopay.com/public/storage/16849/tmpc61_1r12_p39.jpg,0
69cd5a2a-6ca7-40e0-9a0e-17fc3026600f,215e737c-4398-4622-833a-77c652e43f01,https://api.nixopay.com/public/storage/16851/tmp7_wz34um_p40.jpg,0
adef9fce-c1e9-4ec5-b355-fbc38f5073aa,30d1ddc0-fc4e-4410-b2b3-c1ede2388244,https://api.nixopay.com/public/storage/16853/tmpezebs7wm_p41.jpg,0
7192efff-ceb9-41b2-a72c-a32035b12602,c999ae77-7015-4d8f-a899-2bb9f100f796,https://api.nixopay.com/public/storage/16855/tmptk5g1all_p42.jpg,0
eea5da37-3344-4beb-a589-b98902bebb1d,2be24e07-c0e0-43ac-9449-77bc9f1e4410,https://api.nixopay.com/public/storage/16857/tmp3n0_gsqd_p43.jpg,0
55c859ce-a409-4eb0-bd42-ad955d1c7cd3,ce109be4-ff46-482c-ae38-9e01c2098034,https://api.nixopay.com/public/storage/16859/tmppa5lnb0g_p44.jpg,0
0ecb9cc4-e14a-4188-8248-5f8af06a7954,34bfbc02-fd33-472c-b6e3-cc9ad745bc22,https://api.nixopay.com/public/storage/16861/tmptz_r42r8_p45.jpg,0
3ab7011a-8bd5-4612-bdac-ec2744665466,ece6b2bc-2f19-4e9e-837a-bf4996a00967,https://api.nixopay.com/public/storage/16863/tmptaicbi8n_p46.jpg,0
31d10555-520c-49e9-b22a-38b9777b5548,c6c79054-2df8-4c75-b207-c1cd530ee9bb,https://api.nixopay.com/public/storage/16865/tmpz4nf_emq_p47.jpg,0
b2a0bfb5-ba17-4735-8594-7db0b999fbb1,bb2209e0-64aa-4857-903b-ae532ab7e2fd,https://api.nixopay.com/public/storage/16867/tmpnvnw8jkm_p48.jpg,0
b02d250b-ceb4-45e8-be09-2493430438a9,15addda3-1d92-470c-8792-c3107c718ea2,https://api.nixopay.com/public/storage/19147/tmpm8vd98e6_p1.jpg,0
0b60a765-94b0-4b28-ab4a-54ba301d457d,76518fe7-9a25-4171-9672-e3a6e33b9994,https://api.nixopay.com/public/storage/19151/tmpb1fdeacq_p3.jpg,0
3ac8c219-3577-4602-9fb4-803e9d09b77d,3e20760b-8b72-46f5-ad50-080f9ed38b7d,https://api.nixopay.com/public/storage/19153/tmptlmwbllp_p4.jpg,0
8d38e710-98ce-4a2c-aef0-015a10cdfc64,5c8dff67-5b69-48c0-825f-e1ca72887a6c,https://api.nixopay.com/public/storage/19155/tmp02wkvs56_p5.jpg,0
e5c9669a-e78e-4cf0-9640-4d2257917348,a5a250fc-caf4-4fc5-8612-b0894bb6fc28,https://api.nixopay.com/public/storage/19159/tmpbh7poe8p_p7.jpg,0
dae3d5e7-09c4-4bcf-93b6-8ead9b843e60,472093e6-5fef-49f8-8f8c-20e065547d70,https://api.nixopay.com/public/storage/19161/tmp1f7y66ke_p8.jpg,0
c02cd0bc-e54a-4a0d-9d64-db298ff88f08,8e39437f-5082-438e-b440-706633aa3641,https://api.nixopay.com/public/storage/19165/tmpu580o7pz_p10.jpg,0
612005a2-cc41-4d1d-8b24-f3bd08b8f49a,3f6841eb-2d1c-4760-b2d3-50cf39580cf6,https://api.nixopay.com/public/storage/19167/tmpgupp1_j3_p11.jpg,0
0ae3f1cc-1e76-4478-962b-343123c73956,5cb5be0a-ff80-40d0-b2d6-03c2cc7fa3ad,https://api.nixopay.com/public/storage/19169/tmpwtn6zmfo_p12.jpg,0
d8e87a47-477a-49ac-b96b-035292211b0c,8224bf57-7502-4651-b787-6f459b4bc475,https://api.nixopay.com/public/storage/19171/tmpbl8l2f_4_p13.jpg,0
0584b5c2-3651-48ad-86c2-bd7801399514,0a31b76a-a9c9-4a9b-944e-70f3ca92f9fe,https://api.nixopay.com/public/storage/19173/tmpj_s1huvn_p14.jpg,0
ca129d51-eca2-40a5-a078-e7a142b16fec,b2c6c7ec-2016-451e-94b7-b31953588823,https://api.nixopay.com/public/storage/19175/tmpe1hfbd25_p15.jpg,0
e26379a6-3555-4035-b602-cb097e30cab1,e7ae550b-4a1d-4730-afe2-37b90ae06c2e,https://api.nixopay.com/public/storage/19177/tmphk1jmn7n_p16.jpg,0
6da3e4bb-6f18-4939-8462-80874951a288,056d94a7-8cfc-49ce-8ad7-ea95943adfb6,https://api.nixopay.com/public/storage/19179/tmp667j_rrv_p17.jpg,0
30d644a8-e96f-400b-8070-b21977f2ea77,47f53c60-d843-4dd6-87f0-84c453ae0dcd,https://api.nixopay.com/public/storage/19183/tmpsyytsn25_p19.jpg,0
030fe001-5bff-44e1-a95c-791c85859643,0231f432-e216-4735-9fe0-6896cc931352,https://api.nixopay.com/public/storage/19185/tmp30ierfff_p20.jpg,0
9789950a-5cdf-4657-b4e2-8864c06f25ee,654acf89-2ce6-4f6b-91e7-5d6c8cfac3a0,https://api.nixopay.com/public/storage/19187/tmp37xc3k_j_p21.jpg,0
7e9a298e-875f-4bfc-95d4-b7553f9f3b78,02b338ea-a92f-41e3-ad2a-221a95db39e0,https://api.nixopay.com/public/storage/19189/tmpipjqp6mn_p22.jpg,0
17d9ec35-057b-46ba-9fae-60d1c88a4450,ef2cc002-bd00-4e07-8f86-5d7986d62709,https://api.nixopay.com/public/storage/19191/tmpzmbo3dok_p23.jpg,0
7bf565ef-4fef-4311-82d2-3a2b5895a82e,ebc94ee5-f512-4dea-b3b6-19e674417488,https://api.nixopay.com/public/storage/19193/tmpbp5iboyw_p24.jpg,0
ab20926e-a394-4566-9464-e87e291795f2,d1eed319-e5f1-42cc-bbc2-bcb5ab74002b,https://api.nixopay.com/public/storage/19195/tmpnesohf3q_p25.jpg,0
bece8350-c9d7-491b-af01-39ff1d022e94,8c307d78-75ce-4229-a821-af2ef0ff490b,https://api.nixopay.com/public/storage/19197/tmp82iw1_ar_p26.jpg,0
bf11ea41-4d49-4d5b-9af5-4f8a2d63bf04,6d4f9648-84fe-491d-a67f-0a3de92f0498,https://api.nixopay.com/public/storage/19201/tmpwtlgyjyk_p28.jpg,0
c99d3a7f-2019-4260-aa46-56a82cba4728,4b134ed3-f65d-4422-bbf7-ea0f568b4f65,https://api.nixopay.com/public/storage/19203/tmpotucsu_2_p29.jpg,0
9461e777-c699-45e9-94a0-51c37e364c6e,28ddec27-6fb2-42cf-81c6-d9bea0d01582,https://api.nixopay.com/public/storage/19205/tmp4a5sjgiu_p30.jpg,0
1ea21290-f8ec-4454-abf0-74c0edfc6120,51086ff3-6646-43c6-9467-07575dc442eb,https://api.nixopay.com/public/storage/19207/tmp489eewqf_p31.jpg,0
16561402-52fd-40a0-8bf1-6734eb317930,5a8d281c-c441-4bbd-8ceb-688c04c01c4b,https://api.nixopay.com/public/storage/19209/tmpgp4qavs0_p32.jpg,0
f2c4a55a-1bc4-4bf7-8bc8-75035702ba6d,92a0022c-e661-48ed-bff8-395418b0b783,https://api.nixopay.com/public/storage/19211/tmp5dol8mue_p33.jpg,0
850aea71-ec18-4282-ab82-82c81f9f83e6,b33f38f7-defe-45d9-ad2d-cf21a0f05d2a,https://api.nixopay.com/public/storage/19213/tmpv1b998ar_p34.jpg,0
3c656ac2-4616-4b06-b376-021e2d3c7e5b,6832f79b-99b3-475c-8ce7-772839374462,https://api.nixopay.com/public/storage/19215/tmps7m6akth_p35.jpg,0
636e634c-b1c6-4416-8ee6-89cdea8ee5d0,4d5674de-502c-4757-af94-1d4759124aa8,https://api.nixopay.com/public/storage/19217/tmpwx3n25pc_p36.jpg,0
949835b8-a67a-4dca-aca4-1be2a3b2c056,586856f4-b0d8-4bed-bdcc-1dc40f6d302f,https://api.nixopay.com/public/storage/19219/tmp0ht6new__p37.jpg,0
b322d6e2-9352-4e3e-afda-b5197e73e0c8,f8933022-b876-4c14-953c-570e1b1034b1,https://api.nixopay.com/public/storage/19221/tmpke7n82ov_p38.jpg,0
6869dbb8-009f-4348-8596-f75db79813ec,66f71273-e6b7-46d2-acf4-c262ba09adbf,https://api.nixopay.com/public/storage/19223/tmp69h_shyz_p39.jpg,0
7e36fb1b-fca6-48de-85ba-93653c128270,a56d65a5-66f1-4bad-9661-024bfefef0a7,https://api.nixopay.com/public/storage/19225/tmp3uko3ob__p40.jpg,0
4ecfd91b-b889-4fc9-89bb-7703b3995ff8,9ef209f2-d8ba-4dd6-8d28-f4e5486a0e86,https://api.nixopay.com/public/storage/19227/tmpbk7v6jbk_p41.jpg,0
3f1f377b-70ae-4a6f-aec8-0276db0faf3d,fc66011e-405f-4042-99c6-c1db2e1c5f13,https://api.nixopay.com/public/storage/19229/tmpvk481i2y_p42.jpg,0
e13b05b6-4962-4604-a7cd-137c2203fa43,82f95d7d-517a-482f-bb60-8659fb459697,https://api.nixopay.com/public/storage/19231/tmpw_i_m2y0_p43.jpg,0
7324d1f8-68bf-46d5-9192-e07ebe418b43,51589268-aca5-4396-8aee-12905ac81340,https://api.nixopay.com/public/storage/19233/tmpls71n6rt_p44.jpg,0
ee5c68c0-2bc6-4dcf-a373-1e2195921165,bcfd5b1a-6979-4aa3-b982-c2a4771be325,https://api.nixopay.com/public/storage/19235/tmp190f5dw2_p45.jpg,0
303d83f4-4eca-427e-91fe-72424613a613,836278ef-1181-457e-bbb3-8281da20daf6,https://api.nixopay.com/public/storage/16875/tmpnkmvg7kj_p1.jpg,0
52e40a40-73db-4054-8dc8-810fcc1fe547,a4885ab8-7c0b-423d-961e-7d739ce39258,https://api.nixopay.com/public/storage/16877/tmpjnlw7qgi_p2.jpg,0
edf65baa-4442-41dc-9b05-9d5ac8250205,09b5058e-4eae-4828-8eeb-59496447eb31,https://api.nixopay.com/public/storage/16879/tmp05chlt2k_p3.jpg,0
cdfb1543-099c-407e-b891-3e147cd392de,25ba97ea-2869-405b-9d39-de4181100c4a,https://api.nixopay.com/public/storage/16881/tmp9hd73yj__p4.jpg,0
17d70ecc-4b16-41e1-ab4c-1cae0f67835a,eff25335-3638-4bfb-9c7f-8fa2d296b550,https://api.nixopay.com/public/storage/16883/tmp_cfi5veg_p5.jpg,0
6712e49c-5d5a-454d-8c72-8ca28084b793,7cde4444-736f-491b-9237-59eb121c0bcc,https://api.nixopay.com/public/storage/16885/tmpbnjejkpl_p6.jpg,0
9ce166ab-bee6-4e2e-8988-2f90936f9249,3470b300-22e1-4a0a-a61f-9ade28327e82,https://api.nixopay.com/public/storage/16887/tmppjs4cke__p7.jpg,0
aee8b380-8547-46e9-8eaa-46993180f5da,68a1c9fd-f5e2-4c68-bc44-2fbee23bf192,https://api.nixopay.com/public/storage/16889/tmp4exkon6m_p8.jpg,0
3082c816-2a75-43f7-8e67-d4c8b85189d3,22c7cc06-da3e-4901-a9c8-d6d6d1508ea1,https://api.nixopay.com/public/storage/16891/tmpunmd_wqg_p9.jpg,0
0df1bc62-2f26-4ab0-a244-f4dde5fc27cb,f4fa18ba-570e-48e1-9d8a-25047f7247f3,https://api.nixopay.com/public/storage/16893/tmp83qeot___p10.jpg,0
2b33bcf2-9c78-4e8e-b010-d7b04caee0a3,6d241a8f-5902-4603-82f2-ca1bdb9f9ead,https://api.nixopay.com/public/storage/16895/tmpzituo5zx_p11.jpg,0
f4bce29a-6b55-4d0e-b730-1e311d6da8b5,dadb1ca2-6cff-4be2-ad8a-41973c2ed6e0,https://api.nixopay.com/public/storage/16897/tmp5f_n9p1x_p12.jpg,0
bca5ceb2-5dae-47d2-a810-96f31289ad63,5e2e3b96-6816-49a6-aefa-2ef3cb0fe89b,https://api.nixopay.com/public/storage/16899/tmp2r6xr6sl_p13.jpg,0
20c6e795-7f36-464f-ad3f-84db80d689df,6a1ec9e6-ac7f-4d18-90ae-a4ce23eb5d22,https://api.nixopay.com/public/storage/16901/tmppgkwu6l1_p15.jpg,0
5aa7b491-1be1-48f3-b84b-d4037707002a,f3bcc7d6-22b1-46f4-a7d1-4e161a5056a4,https://api.nixopay.com/public/storage/16903/tmpqciu9u6l_p16.jpg,0
f7e8494a-9a4c-4066-bbde-a7feb2031108,8611e2e8-8bea-42a7-abb9-26750235bfc7,https://api.nixopay.com/public/storage/16905/tmpe4ohv1i4_p17.jpg,0
3db6a84c-d572-459f-8110-7cdded673be2,d3cc250e-7210-432c-b828-eff054bc2024,https://api.nixopay.com/public/storage/16907/tmpv5pku9q8_p18.jpg,0
7fe7e931-4963-4bad-a1e5-8519ef8b5e47,ccdb8f7e-6e02-49d2-94fe-5730d1c98aa6,https://api.nixopay.com/public/storage/16909/tmpnneae6cj_p19.jpg,0
82e95181-4870-45b8-8aa0-1c95e0bdd1da,8156bf3d-6412-49de-a65c-4c5810c67240,https://api.nixopay.com/public/storage/16911/tmpyy9yhk14_p20.jpg,0
cbb95587-654a-473f-a50a-d4287ca0c297,a70b39ea-dbb3-4a79-8b6c-c7fc76d1eabc,https://api.nixopay.com/public/storage/16913/tmphac6u55b_p21.jpg,0
74c1164d-11f4-409f-aa83-e2db9c5f3cb3,d29dafb8-40d2-4619-82ae-584887649ec1,https://api.nixopay.com/public/storage/16915/tmptg4g4wry_p22.jpg,0
ac71070e-39d2-4bc5-bc0e-fd01e8c533c6,ed3b80e5-28d6-4dfe-8786-9c5c7b170734,https://api.nixopay.com/public/storage/16917/tmpuzxs4vb3_p23.jpg,0
0475a4d0-5ccb-4bd0-b7fb-355579363407,d50d096d-d407-4f88-b65a-a96794091db1,https://api.nixopay.com/public/storage/16919/tmpijvnl9si_p24.jpg,0
2598a3c1-59fe-4da2-aec7-a726582da4ee,6503fedd-447d-4717-99f7-0756184e5246,https://api.nixopay.com/public/storage/16921/tmpshytq1rx_p25.jpg,0
36a268cc-bda4-4a61-a963-d6ee46e6b0ca,9deb8796-23f3-454c-a583-d8f3f6f75afd,https://api.nixopay.com/public/storage/16923/tmpow4_f0p__p26.jpg,0
ca153142-a237-4438-9cdd-4bc0eec3186d,d24908b0-4db5-43d8-8adc-65e1f5f68511,https://api.nixopay.com/public/storage/16925/tmpwdcp4kke_p27.jpg,0
77175580-8862-4152-a548-6ddea2af4870,3947cf40-2eaa-4fc5-ad03-3cfd3e365337,https://api.nixopay.com/public/storage/16927/tmp7heu1sjy_p28.jpg,0
f9e41212-deec-4e97-93da-7e8d54b7221b,70dd98d2-c3a5-4471-9c7d-aab381862238,https://api.nixopay.com/public/storage/16929/tmpsb6j09fj_p29.jpg,0
f80a5695-ba77-4388-9a2f-1ef62c3ef145,9d0436d7-958f-4f16-8f90-3d11025d3a09,https://api.nixopay.com/public/storage/16931/tmpm22byejq_p30.jpg,0
8699396d-85cb-4ce9-b2f9-aaa45c4c5609,bf71f366-cda0-4a33-837e-a6df65b7f8e9,https://api.nixopay.com/public/storage/16935/tmpu70z2nqb_p1.jpg,0
7cfc619b-885f-4a30-b0a7-6ecf6efc6a48,e9fb43ef-5ef5-4b87-b3d0-e37dd5d501de,https://api.nixopay.com/public/storage/16961/tmptiey74am_p14.jpg,0
3ef61c97-2a65-426e-b1d3-c3411adbae93,3cbe8c33-f18c-4b67-bc37-5208bef53e43,https://api.nixopay.com/public/storage/17057/tmps4kd7b06_p1.jpg,0
ebb4b94f-3b68-4cbc-b9ad-26c53873a06d,093dbd8b-aae9-4d6b-88f9-d24de1a81e7f,https://api.nixopay.com/public/storage/17059/tmpv9a4rvku_p2.jpg,0
c38aaf2f-1e84-4bec-b4c2-987db9831013,32d2d2b3-f7e4-47c8-b837-d907768fd67e,https://api.nixopay.com/public/storage/17061/tmpihtrbvz0_p3.jpg,0
4c66df91-7451-4055-a8f5-b062fd1f4c00,6026a3d3-6c65-4bef-abfd-854d88f119ba,https://api.nixopay.com/public/storage/17063/tmpogl12pac_p4.jpg,0
300ebf2f-e78d-4667-8523-f974ffb7c9be,8c964023-4647-4131-91d1-b3aecf03cb36,https://api.nixopay.com/public/storage/17065/tmpfs9gkpzl_p5.jpg,0
6d5ea410-1bda-4caa-b51d-64ddc27fe1f8,0e705831-d11f-4977-a63d-fb5b959324ce,https://api.nixopay.com/public/storage/17067/tmpi6gz1l0c_p6.jpg,0
ddbfd0cc-9487-4534-b5fb-3fbccd30dae0,275248e1-f3fe-4f66-aa11-495c5f8abccf,https://api.nixopay.com/public/storage/17069/tmpztl2v1o7_p7.jpg,0
b89fd365-9487-45da-9e09-f8ca3800438e,66a24833-5403-4062-b5c6-b2a261c537bc,https://api.nixopay.com/public/storage/17071/tmpgs817c_b_p8.jpg,0
c21ad9ae-39b8-41e4-ba77-6e292cd957ba,606f5c28-ce68-4701-8772-72b3612813b0,https://api.nixopay.com/public/storage/17073/tmpgsl0sq6c_p9.jpg,0
c0a6e3b0-c4e2-41de-920e-64d2ae538a45,c153bbde-8725-4099-8856-adef038c99a4,https://api.nixopay.com/public/storage/17075/tmpvmxo9iza_p10.jpg,0
e1a3ede0-1169-438c-a4c1-2f50cc2d217e,362ca329-4d7f-49a2-9278-0ecd5419ecda,https://api.nixopay.com/public/storage/17077/tmp0oo8uoty_p11.jpg,0
77e5eb01-7cb3-48c6-88dd-f44f223ffb73,9c75ea64-cc3f-4e1d-bf79-f25aec82f628,https://api.nixopay.com/public/storage/17079/tmpffvl6vwl_p12.jpg,0
504bdc9d-b5cd-4f7e-91ea-bf1c478ccca8,db1d8419-ce76-4bbb-9eb5-e6a764bf30e9,https://api.nixopay.com/public/storage/17081/tmp61e5jdwi_p13.jpg,0
1508a5af-fc48-45ab-bd4d-9f3ff9293aa8,594caa4e-4465-4408-95f4-99e84d8bfd0c,https://api.nixopay.com/public/storage/17083/tmpczlsesq9_p14.jpg,0
1c5c5040-2581-44d5-af52-3ed3ce304d2e,ce3b1a80-8911-4144-830e-cd67dfcffe81,https://api.nixopay.com/public/storage/17085/tmpgismw2zy_p15.jpg,0
bdcd2abc-4b94-424d-bfff-164dcd01eff3,b0ed2095-e055-4e49-9cc6-442aaae52bb1,https://api.nixopay.com/public/storage/17087/tmp2mvkci_1_p16.jpg,0
9c1cbba6-5f84-4e3e-b2a1-e1dd7542dc86,6f68bd3b-6b08-4eef-98d3-8d526a9bebb8,https://api.nixopay.com/public/storage/17089/tmpy9yvdfi5_p17.jpg,0
8245aea7-8320-43ca-9d97-f681f6761fb9,dd61e631-1382-4faf-84af-b2abe253f1fe,https://api.nixopay.com/public/storage/17093/tmpt6cvceyu_p19.jpg,0
f829116e-5118-4537-8f06-bbc2c212c7cc,12ee14bf-5704-48b6-9b57-f5ee77eaef4b,https://api.nixopay.com/public/storage/17095/tmpfsgy4mt9_p20.jpg,0
8cc9a74e-aabb-4fb5-b22b-9432965601ce,512a2736-5f80-42ae-ad67-df5792f503a4,https://api.nixopay.com/public/storage/17097/tmp_xr4hwea_p21.jpg,0
17f8e769-f1e2-47ca-84d0-5f337668c3cd,6400a4c0-2a4a-462f-82f7-dee667ccc4d1,https://api.nixopay.com/public/storage/17099/tmpgy59nepb_p22.jpg,0
80d847ec-0aa0-4fe7-957d-fc1a651063cc,fab55216-6f2f-4489-bb23-d5083b7765df,https://api.nixopay.com/public/storage/17101/tmpj3fz5bl5_p23.jpg,0
bd0c0385-eda2-426b-aa6a-edff5ed8fba3,97b1806e-cdbf-4d0d-bac1-b7a3d1ed6561,https://api.nixopay.com/public/storage/17103/tmpoyyjjfjt_p24.jpg,0
75a72c5a-6d44-4d8e-884b-8f4902e87540,a8fbfabf-c080-42b3-9939-eaa678954eea,https://api.nixopay.com/public/storage/17105/tmp1bkyd49u_p25.jpg,0
149f3328-9bc5-4b52-8d04-65fa52210c19,a9cf15f0-d405-408a-9d5c-d0541abf8d7f,https://api.nixopay.com/public/storage/17107/tmpfl3vnj0n_p26.jpg,0
3967c834-1f51-469b-9037-966d3c1e50c5,6cf9d6f6-1cb3-4845-a424-8dec5d25e9ca,https://api.nixopay.com/public/storage/17109/tmp4r6r0y65_p27.jpg,0
311cfeb8-9007-4fb3-b4a1-cde2a92226c1,9f79eb69-f1ae-4d20-805a-af331bba60c2,https://api.nixopay.com/public/storage/17111/tmp7lcadi39_p28.jpg,0
557e0501-8c6d-406d-968f-0fa0e66494e5,fafe2d63-fb4e-43fe-bb6d-15965b4c1a84,https://api.nixopay.com/public/storage/17113/tmpeu31dkrh_p29.jpg,0
e8f932c3-be97-4083-af12-1ba3ee7646a2,a577549e-2ed8-44c6-88fa-1eac3f390bca,https://api.nixopay.com/public/storage/17115/tmpj8ji68c2_p30.jpg,0
63141912-844d-488e-ac43-ad5a6d144998,7bb7ce84-250f-48c5-acf9-7c4cf41416d1,https://api.nixopay.com/public/storage/17119/tmpvf7kqe8h_p1.jpg,0
a7aecaa6-6743-4804-9a62-f4c35198c896,b134bcbc-6c99-4d3e-9d2e-3ba9b6b4cf65,https://api.nixopay.com/public/storage/17121/tmptvey6gpr_p2.jpg,0
253e2d26-e47e-4f0e-a5a6-c29156d36465,7c9f5a86-dd81-448b-9c12-1cbe560aab9c,https://api.nixopay.com/public/storage/17123/tmpd3sbnr44_p3.jpg,0
a98ce987-9207-4d87-8c7a-2ae4fa734887,e6e43152-ded0-4fcf-b738-0f8e8694831a,https://api.nixopay.com/public/storage/17125/tmprbkw7_y__p4.jpg,0
fbd84c30-93b8-47bf-9ef5-f7c6d8014b2a,fede4b8c-8957-4a5e-a382-bbb2f6e57c2c,https://api.nixopay.com/public/storage/17127/tmpao_4o9f4_p5.jpg,0
4bca077b-bdd5-4861-9fc0-e2fe3cb2e4fb,20abfe19-d296-4792-8cee-7800e9c235c8,https://api.nixopay.com/public/storage/17129/tmpk3lschtq_p6.jpg,0
12e2a956-b966-4960-baed-c43cd225bae4,7f728f09-778b-4c5d-af4a-15b34464c80d,https://api.nixopay.com/public/storage/17131/tmp22pl4o67_p7.jpg,0
13d0b94f-5c34-4974-bcf0-b5d5e6f0a1b4,29908a64-0056-4e7c-8a98-9d8be9bdc2e6,https://api.nixopay.com/public/storage/17133/tmphbo0vz8a_p8.jpg,0
90ae119c-f452-4510-8b02-efbb1a353059,c3610f80-15ad-41c2-aba4-8eaa15fcf0d8,https://api.nixopay.com/public/storage/17137/tmpcsgapobj_p10.jpg,0
877be1c2-ac01-4a77-86c2-ef20e49d8874,1cf3bca8-d73b-42ce-ba32-de9808769557,https://api.nixopay.com/public/storage/17139/tmpau11qk61_p11.jpg,0
94a94fc4-0d8d-40b8-bd40-3c7468e1f8b4,fa8d165c-dead-4977-9847-74018b7f73ff,https://api.nixopay.com/public/storage/17141/tmpb0n98i54_p12.jpg,0
f4adf2af-079f-45ad-8e68-f595cf1046f6,db746546-15cb-4b65-a762-9cd582760a90,https://api.nixopay.com/public/storage/17143/tmpnfuoueod_p13.jpg,0
0dabd310-5014-4f7f-adda-c95697a84286,e295ad08-6fe4-46fd-b0c2-372b53ac7e70,https://api.nixopay.com/public/storage/17145/tmp3vwf3ncy_p14.jpg,0
130c67b8-e8dc-41ff-8759-17d86b10759c,320b88d7-5aa5-450b-bd3f-f8015c3fbd61,https://api.nixopay.com/public/storage/17147/tmpfwgvrs4e_p15.jpg,0
71906345-ec85-422b-97f0-7690ad707549,ba31e54d-3ea6-48aa-80af-62ddeeb80e98,https://api.nixopay.com/public/storage/17149/tmp6dhpe3i__p16.jpg,0
848114e7-59b3-45d5-b18d-f68f9d225462,51f909a5-d9f3-43aa-8a58-c411d550e5c4,https://api.nixopay.com/public/storage/17151/tmp9y1q6pt7_p17.jpg,0
4c2c525e-67de-4ebb-9c59-3611251e226f,9f879608-7d21-42b6-aef9-4aa9ee3ddc8e,https://api.nixopay.com/public/storage/17153/tmp6dl99syj_p18.jpg,0
2837817d-0ab7-4ec6-b99c-a0c9bc5b74ea,64bddd15-bbfb-4c5a-8873-5aac5bfddfc3,https://api.nixopay.com/public/storage/17155/tmp2nx3h2wm_p19.jpg,0
297afe25-5b25-47b9-b264-fdeccd2b03fc,95f1b683-27f5-435c-8c3a-084be70fae20,https://api.nixopay.com/public/storage/17157/tmp_ey7_3sa_p20.jpg,0
48d4de0c-a708-4083-ad6c-6e9de45cfd7b,665b8474-6c18-48c4-9826-d340518ff0f0,https://api.nixopay.com/public/storage/17159/tmpvev4xlti_p21.jpg,0
4130848f-c723-4496-944f-5989314007ba,c38f5604-fa63-4b23-aed6-9b2cac4cbe54,https://api.nixopay.com/public/storage/17161/tmpi76ebw3i_p22.jpg,0
a2272e7f-07a7-42de-a192-c74e81ab95b5,7d23303e-be5f-4e71-b509-4c5048cb63cf,https://api.nixopay.com/public/storage/17163/tmp22_uu8pc_p23.jpg,0
f2a52f54-8826-48f9-b902-e8741d53f414,29aae328-8f6c-4738-b886-2004be28fb95,https://api.nixopay.com/public/storage/17165/tmpo25c6vj8_p24.jpg,0
f1d43d25-8bed-4678-a523-644e0f27905d,3572d256-5d80-4c32-99c5-8594dec320db,https://api.nixopay.com/public/storage/17167/tmpaqp2e979_p25.jpg,0
e82194de-1876-4415-ae66-2e9181e5a8e4,91aeca8d-213e-4044-bb51-09f9e84cae76,https://api.nixopay.com/public/storage/17169/tmpyryco26c_p26.jpg,0
26dd232d-38ad-4453-9ba4-cf42d923630c,6def5a3f-4ff0-4d08-9cac-e99205c152b9,https://api.nixopay.com/public/storage/17171/tmps4woy3a2_p27.jpg,0
2269829e-eedd-43e4-9e7b-0f5ffbe68056,8f0171a8-2664-4e52-9c4f-c489cd7355b9,https://api.nixopay.com/public/storage/17173/tmpmecojgl6_p28.jpg,0
867ce27d-32f6-4584-be78-d4ee3c8370dd,12549e3a-dc61-4d6e-bb88-e58d00128c8c,https://api.nixopay.com/public/storage/17175/tmp30o8l0yz_p29.jpg,0
e914c8d0-5440-477c-ada1-d525e4f4514f,c71cfd26-92ce-4203-ac70-c935ef107dd0,https://api.nixopay.com/public/storage/17177/tmp94yag64v_p30.jpg,0
bb77d95f-74e2-48d2-8924-68def39ceaea,d820b80a-860b-4863-afc9-893b7c656426,https://api.nixopay.com/public/storage/17987/tmp73c4m5jn_p1.jpg,0
74e637f5-3b4f-4783-abc8-9e46f82e9489,73b0a75f-724b-4fda-8012-0a826f79a2a8,https://api.nixopay.com/public/storage/17989/tmp6vr0ldq4_p2.jpg,0
795961fd-b6fe-448d-b839-f83c752936a7,dd399fdb-c455-4a0f-b0e0-2aa6f0a85f61,https://api.nixopay.com/public/storage/17991/tmp_boqx839_p3.jpg,0
d88bdbb6-9e3f-4c1a-8545-9118797dbbc7,ce97c3eb-2682-4267-9c14-450022183c30,https://api.nixopay.com/public/storage/17993/tmpns_q8s6p_p4.jpg,0
2580666b-a627-49e4-9bb3-242666509972,872c7aee-00ae-4690-b8f6-b719b0c6ef7b,https://api.nixopay.com/public/storage/17995/tmpjwalg6qh_p5.jpg,0
506821ec-b1ad-48fc-8059-eb69f2b436be,632df047-5d30-4939-8940-3ac84b164508,https://api.nixopay.com/public/storage/17997/tmp5om8jkq4_p6.jpg,0
ae1733e6-a8de-4315-b141-d2299d2bb70b,baba34f3-54b3-4f67-8601-9181437f556a,https://api.nixopay.com/public/storage/17999/tmpy46e_ce__p7.jpg,0
599f2d94-d276-46c1-a1ea-d57322e8e0ff,6eac467e-f15c-40ce-836b-c43125daebd3,https://api.nixopay.com/public/storage/18001/tmpchuk_abd_p8.jpg,0
f9dd932b-1035-425e-a9af-3b941bde13f3,7823b681-271b-4ec4-a10d-d8d67dfc9cc4,https://api.nixopay.com/public/storage/18005/tmprixf_ze3_p10.jpg,0
1558eb6f-eb3e-4ade-8785-88f58ace0e7a,16132730-e0d5-45fc-9efc-ec226dfce784,https://api.nixopay.com/public/storage/18007/tmpfgvvqyfl_p11.jpg,0
540ff9e3-9aa2-490c-9ef3-8a718847fad7,c380ea37-affc-410a-a965-9db7ce216aba,https://api.nixopay.com/public/storage/18009/tmpa8fjmnov_p12.jpg,0
b77563fb-f90b-4a0e-b83c-ef8f0abff84a,35b7655e-1a39-4c48-89e6-c11d1c27a7d3,https://api.nixopay.com/public/storage/18011/tmpv8a5nhyd_p13.jpg,0
f2ca0108-44a5-4df7-a827-bb24350bc1ff,40abffdc-1ae1-440f-93be-0c2ce84fff17,https://api.nixopay.com/public/storage/18013/tmpaa2bvt10_p14.jpg,0
cfe9a896-084f-4845-8aee-065cac1855f8,22dbff37-2a1b-494b-87ee-d16abb1e6fd9,https://api.nixopay.com/public/storage/18015/tmpm10i_kz6_p15.jpg,0
127a2b1c-5a54-4c51-befb-f80be1ac7fa3,9438e8a3-8c25-4375-b150-94fe532a7109,https://api.nixopay.com/public/storage/18017/tmpbuvpt20g_p16.jpg,0
786e6ae6-fe52-42b5-9e89-b71592f484ab,e3c5645b-1582-4416-b305-e91b735dfb7e,https://api.nixopay.com/public/storage/18019/tmpaj6z07dt_p17.jpg,0
edf8da9c-20bf-4a78-8e50-afde36239c1f,0aec2926-bad0-4dc4-a34b-870e6cc80f4f,https://api.nixopay.com/public/storage/18023/tmpc9_1_x_i_p19.jpg,0
9766e8e9-6782-4269-a46f-603604faa4a9,4e4146e2-702a-417f-b84f-076d9e46edfa,https://api.nixopay.com/public/storage/18025/tmp_5e8cxjn_p20.jpg,0
b52adf2d-6928-466f-a40d-800250fba0b8,44cf61b7-ab42-485f-8e8d-96074f230d78,https://api.nixopay.com/public/storage/18027/tmpi952t2et_p21.jpg,0
a3ad20cb-5355-4327-a663-6adbd078dd25,72807f71-cf61-4fb6-ae4d-e44bb97075e7,https://api.nixopay.com/public/storage/18029/tmpnkax33i1_p22.jpg,0
6d09c01b-16ef-4457-8460-f8a554bc7bf2,c5b4b4c1-b034-4073-bf80-b1231d88b41f,https://api.nixopay.com/public/storage/18031/tmppc79abi1_p23.jpg,0
db1e49b6-1a63-4edd-b1c0-881273164763,b04608e6-c0dc-4b50-8d72-17ca5c5b7310,https://api.nixopay.com/public/storage/18033/tmpl3ga53a3_p24.jpg,0
e3c93676-3a10-481f-9fea-4d749c585779,61b08f89-2e37-4826-82ef-2041b4d56ac1,https://api.nixopay.com/public/storage/18035/tmpmp2ja3sm_p25.jpg,0
698aa7fb-0c2a-41ad-8da7-08597bfbf693,d39f23f9-443f-4d4e-9ce5-4a948d2cf2fe,https://api.nixopay.com/public/storage/18037/tmpbvalqhpx_p26.jpg,0
8cdde40d-f2be-43dd-ab90-cae2738dea9b,d15d5b57-5b03-4bc9-b508-8f858717b5b8,https://api.nixopay.com/public/storage/18041/tmpimfkc6t2_p28.jpg,0
5c103bc3-173d-4ba4-80df-b2501a68b32a,d8489302-3799-4524-bbee-f8c06f64e3ba,https://api.nixopay.com/public/storage/18043/tmp9aavry0z_p29.jpg,0
14e2b9d8-99b0-4743-bbe3-38f8891452eb,f307d5d9-7b5f-4bbe-b49f-dfb66d20ffa7,https://api.nixopay.com/public/storage/18045/tmpg9v539y4_p30.jpg,0
4c2219ef-72aa-4340-a8bd-58798de4707c,ffdf19a7-9ab5-4af1-a95f-af2abdef82a5,https://api.nixopay.com/public/storage/18047/tmpunscewrw_p31.jpg,0
1fe9f23c-9066-46b6-be98-72fb6c388667,dac826bf-0ecf-4416-9303-d4f2a90d1d19,https://api.nixopay.com/public/storage/18049/tmpwxwj5f_p_p32.jpg,0
5a299931-b765-4d9e-9c33-63ed7f4f3ec0,c0c41bf6-126c-43b0-a2fd-056eba3ac764,https://api.nixopay.com/public/storage/18051/tmpxjhe19f5_p33.jpg,0
dde05e09-f4ec-4c91-814a-7fc216aa5a3b,2f4a44a1-40b4-4481-bdac-132d15d4a7ee,https://api.nixopay.com/public/storage/18053/tmpyftalvt1_p34.jpg,0
5ea5d75f-5d4c-4c50-8e88-8ea656237b6d,a59b3520-df72-4aec-9f6d-3246c054fb4b,https://api.nixopay.com/public/storage/18059/tmpjqfa2_xm_p37.jpg,0
443592d9-232e-4af9-aefc-5e4d2f805251,c80c260c-175c-49e0-8d75-b68a00f0a385,https://api.nixopay.com/public/storage/18061/tmpc7h99wzr_p38.jpg,0
2913d6ab-a47b-40fb-93ee-73cd859211d7,4f2ea814-10bf-436f-a6e5-3c16e6fb5933,https://api.nixopay.com/public/storage/18063/tmp643yel6p_p39.jpg,0
db15699e-21d5-466e-aa97-ab65e1dc0bfd,23e6f149-b621-40b7-bc6f-6ec84b829d8c,https://api.nixopay.com/public/storage/18067/tmp7dummek0_p41.jpg,0
5f556381-636a-4f72-849b-6eb1cde6c760,0ed44d91-28e0-4691-89a0-f0fd5f32c123,https://api.nixopay.com/public/storage/18069/tmpxjrml49r_p42.jpg,0
ef8fe52e-6af2-40d8-aba7-55be359a72f1,36ab5ab4-7a8c-4ee2-8f8d-ec48b7f5200f,https://api.nixopay.com/public/storage/18071/tmp_w0iweo0_p43.jpg,0
d291a7c3-fc7d-4c84-8474-b4a88f47f7d9,d29f41e3-0055-4965-8609-097182082cd7,https://api.nixopay.com/public/storage/18073/tmpw83_mms7_p44.jpg,0
0298b9bf-e00d-4eb3-822d-4d2c33a6b565,3a7d14db-7607-4b73-95ab-50be15fe11b1,https://api.nixopay.com/public/storage/18075/tmpgllwn_gs_p45.jpg,0
b9a9249e-2f7c-44e2-bc00-0e000df245f4,c62750b3-3330-4ca1-88ce-2b085664cf15,https://api.nixopay.com/public/storage/18077/tmpbhzz8vzq_p46.jpg,0
ebe1f68d-29a8-49bf-ab38-d9effb2ea59f,20c695dd-8b6b-4b6c-824e-dc3567f32a97,https://api.nixopay.com/public/storage/19247/tmpzlldx1m5_p1.jpg,0
878b6bb3-fdfd-4cfc-b71a-e9f1425bd4b6,4a290f88-73c0-4523-adb0-c5c1e7ea51ec,https://api.nixopay.com/public/storage/19249/tmptz8fv8v9_p2.jpg,0
84753336-802d-46ac-a8a8-dedef8340def,2adfedca-cf08-4534-a733-0cf933f50d3e,https://api.nixopay.com/public/storage/19251/tmpf157ogwg_p3.jpg,0
03fb8bce-f295-4e43-8d9d-9d3991166b99,1850987e-43a2-43de-86bc-953473d7d29c,https://api.nixopay.com/public/storage/19253/tmptghp27bd_p4.jpg,0
db6eaa57-18de-4d1d-a2a0-da90a6b68c2e,93d5a7f2-8473-4302-8ec2-2d08c7b1f25f,https://api.nixopay.com/public/storage/19255/tmpqdp1skxb_p5.jpg,0
7651581b-5c26-474b-b5f6-c232f38fcfce,2531ba6e-c26d-4c22-83e5-9b86f2f65af2,https://api.nixopay.com/public/storage/19257/tmp8687sxpu_p6.jpg,0
372ddfbc-8f02-4e87-870a-5f10672fbb48,c9200ad0-c60f-4af7-a41b-41403294984e,https://api.nixopay.com/public/storage/19259/tmp3x42iumx_p7.jpg,0
f43868c4-d686-4ded-a636-662e73fa9be0,6f803839-2314-4bae-b09c-dc71043c003a,https://api.nixopay.com/public/storage/19261/tmp05ta4rk5_p8.jpg,0
08f77c1a-498b-4f4c-8329-d2d990770699,ef9554ce-2d50-4cbb-9a5c-9b505a817ef2,https://api.nixopay.com/public/storage/19263/tmps5hzvzm8_p9.jpg,0
e1828887-8d85-400f-9ba8-78fb85d593fc,1e7aeab9-f11e-4239-9f4d-f3d8d4a99ec2,https://api.nixopay.com/public/storage/19265/tmpduw_mazc_p10.jpg,0
9ed2d51a-1c96-463f-94ea-6e55dc5fc8b9,28b1d4bf-63a9-4c91-88bf-47830bc5fbc5,https://api.nixopay.com/public/storage/19267/tmpmni33mmq_p11.jpg,0
c0b52660-a526-46f6-96cd-22978e13ffcd,a4375960-fabe-43cd-9cff-f794c125b018,https://api.nixopay.com/public/storage/19269/tmp3dlhd1f7_p12.jpg,0
3b9eb0e5-5ff4-4fc9-b871-56a8521fa358,7a7a2ea3-a286-462b-932b-d6eaf666d959,https://api.nixopay.com/public/storage/19271/tmpknb24ehr_p13.jpg,0
324f8f9e-2a1e-4b0d-83b9-3e8b3510923b,a7b205bd-7236-4ed8-b4ad-a02fb0ab10bb,https://api.nixopay.com/public/storage/19273/tmpdxj1gxhz_p14.jpg,0
d13e0a1b-e7aa-46c5-b487-fc6620dbc20f,60076c82-f173-41d6-9e8b-d51f2ea4fe81,https://api.nixopay.com/public/storage/19275/tmp26sfyqpz_p15.jpg,0
2b4fe188-38c0-42a8-8a57-c96fa747b1c5,391a54e0-5236-4fa2-a212-39e21d42f54b,https://api.nixopay.com/public/storage/19277/tmpo3kbcbxy_p16.jpg,0
bfa9cdde-71ee-45ba-b40b-6bf8bb33541f,27e1e7ec-cdac-4ee8-93e8-21e5b54b1f6f,https://api.nixopay.com/public/storage/19279/tmpgq07ya_d_p17.jpg,0
307bbe47-fd2a-4899-8f37-9a90a2b599ea,d36a1a4c-a562-4d5a-bd38-13328eb4996c,https://api.nixopay.com/public/storage/19281/tmpq4kxtwwv_p18.jpg,0
976d25f7-82ca-46b0-8fc4-f6eb992bf1e4,d3c479cc-f580-4e70-89c5-f912ca5abcd6,https://api.nixopay.com/public/storage/19283/tmplnk8yeam_p19.jpg,0
3f32d236-23b0-4dbb-9a8f-c40664bc94b0,22a968eb-5f9f-4310-ac4f-80db3119c405,https://api.nixopay.com/public/storage/19285/tmpo4m0ojci_p20.jpg,0
c8f9facd-dc39-4acb-9d0e-2026fa8e4c35,ac7ca646-c1ae-4ee5-845f-f55fbc2ec77c,https://api.nixopay.com/public/storage/19287/tmpklwwxgdv_p21.jpg,0
6978ee1d-fec9-4b41-b255-3d880fed3dc3,c5b0d653-879b-4c16-bf7c-b26a8d7f697a,https://api.nixopay.com/public/storage/19289/tmpfrjyb_zc_p22.jpg,0
6086b301-b9db-4b08-b551-96736d333b10,94fc0389-f308-49f2-bc68-b557e61a4f29,https://api.nixopay.com/public/storage/19291/tmppl2rosrh_p23.jpg,0
9761963c-ca0a-47a4-8277-61179dbaeefb,5df81166-0410-4a36-b7ae-7527c01fe364,https://api.nixopay.com/public/storage/19293/tmpzlb_c_u8_p24.jpg,0
099052d8-71f2-41af-973c-678acf9e48b9,a06f6cd3-fe1c-4b38-9baa-2018b52ccd66,https://api.nixopay.com/public/storage/19295/tmpe047jq7__p25.jpg,0
fabded83-a7ea-4f39-8264-0a522c99c9f6,d9bace76-25fc-42cb-bb45-2a2de5e28ab0,https://api.nixopay.com/public/storage/19297/tmpao074grm_p26.jpg,0
d9bf8dd1-0bcf-4754-85d6-f29e53e75d5d,09cb1f9e-205d-4559-96b0-a300480e047f,https://api.nixopay.com/public/storage/19299/tmp4bhe9ltd_p27.jpg,0
3c916936-efa3-4ef3-8c9b-7452be0a6fa7,e40df512-e75d-4dda-b7d4-49eca423770b,https://api.nixopay.com/public/storage/19301/tmpc9zn5yy3_p28.jpg,0
e603f184-b6fa-465d-a4e0-d4909999075e,05d6880b-7353-4911-a1dc-59c49016fcaf,https://api.nixopay.com/public/storage/19303/tmpqac6e5g4_p29.jpg,0
5faf76dd-3d05-4e06-be57-0585a173d27a,f176ed43-1a98-4ecf-b738-5ad21a0fc472,https://api.nixopay.com/public/storage/19305/tmp7o2dj0ly_p30.jpg,0
8aaef6bb-1f1b-4be4-ac24-03405ffffa28,23c8ca54-4bf8-4257-b987-70c545e65b34,https://api.nixopay.com/public/storage/19307/tmpyy_kwnkx_p31.jpg,0
2e8272b3-d8fd-443c-bcb8-d38a3304c0d6,d8b48fdb-7ff3-4020-9aaa-ee3843f730bf,https://api.nixopay.com/public/storage/19309/tmp3nqskpew_p32.jpg,0
d4354191-bce2-4915-bb69-07b57945dc1d,4473f6af-244c-4c8a-ae0f-bc38dd1e3766,https://api.nixopay.com/public/storage/19311/tmpze9ivtq8_p33.jpg,0
3bc41936-9da4-48e4-a3e0-815d3822dc7d,40426614-1cb8-4255-83f2-d862ccdb2ffc,https://api.nixopay.com/public/storage/19313/tmpfe33qus__p34.jpg,0
69f1d03a-51c7-485a-adae-b24ad33d003e,d714267b-7167-4f84-86b6-788d7e7bb0fa,https://api.nixopay.com/public/storage/19315/tmpnce9r1uz_p35.jpg,0
3734eddd-2796-4cc0-a36d-fe30a7bc268b,fbedd591-107f-4f02-8363-069d9f76f0ac,https://api.nixopay.com/public/storage/19317/tmp56lh0ejo_p36.jpg,0
a662f3e7-071e-4492-b844-2e309dd67c49,afced489-380e-4120-b2f3-4feece7eb6ed,https://api.nixopay.com/public/storage/19319/tmpufvwfspt_p37.jpg,0
45eff960-fd58-4056-9654-e78657f9b48b,da511a59-8eec-4813-8db4-0dbebcb89e24,https://api.nixopay.com/public/storage/19321/tmps_yve21q_p38.jpg,0
f731b403-a1c3-45c6-a472-3b3a08ab0131,52627728-8bf2-4452-bdf0-bd2d7129ea3e,https://api.nixopay.com/public/storage/19323/tmpw0nior9v_p39.jpg,0
f718f59a-49ad-46ac-80b1-422ff6898e77,09898bb0-2816-4d47-acd0-fc486fbead5e,https://api.nixopay.com/public/storage/19325/tmpxq3o3lup_p40.jpg,0
1a7cc2d2-48e0-490e-9567-4ab9adffd503,3a4cfdf0-91d0-417a-bd07-6f511dd88745,https://api.nixopay.com/public/storage/19327/tmphyl_l0qj_p41.jpg,0
b350fbc2-5caf-4854-8c09-b67e6e8819ed,b15a9fef-81d9-4849-9202-f53fb466c2ed,https://api.nixopay.com/public/storage/19329/tmp_g_o232n_p42.jpg,0
8e0c2bfa-5191-4a50-a470-87c0b8248df1,c3245c1f-59a1-4291-85fe-d5ba38709012,https://api.nixopay.com/public/storage/19331/tmp4b3m61dn_p43.jpg,0
c811e09d-d69d-459c-a1d3-c1270144a484,314357f3-53ab-4cc6-a8cf-b1c9774be259,https://api.nixopay.com/public/storage/19333/tmpr03w25kc_p44.jpg,0
6266c358-361b-4f09-8756-a73dcfdd01b5,11259e4e-5fd1-423f-acac-9502b13781c8,https://api.nixopay.com/public/storage/19335/tmpvwj72w0g_p45.jpg,0
a15244d4-67e1-442e-9bac-112dcaf8f5ed,b6a664c5-741d-4aaa-b6c8-3b30b52e6c57,https://api.nixopay.com/public/storage/19337/tmp1uxb1jo7_p46.jpg,0
14ce4395-1915-4f7a-be4c-df0a6a57387e,012dac4a-2d6c-42c0-b9e7-67e4de7910b7,https://api.nixopay.com/public/storage/19339/tmpxggmj1fo_p47.jpg,0
ae9d1090-be88-4f7d-96da-fd159e7b56a4,6f953ca3-8d09-4e1c-ad8a-0346225ecbd6,https://api.nixopay.com/public/storage/19341/tmp1ips9nkj_p48.jpg,0
502e57ac-16c1-41e7-be43-8ec217faedd5,f6f1043e-4640-41ef-8269-f0dd20e39734,https://api.nixopay.com/public/storage/19343/tmpwy2f_y6c_p49.jpg,0
2eaac0f6-7400-422b-9344-d36fb3407a58,cf44c2f7-33d0-4658-9bde-1a39d0911e81,https://api.nixopay.com/public/storage/19345/tmpaxsess8y_p50.jpg,0
0d7dd990-f141-4d03-a21d-dbc83899180b,e3ea5f21-55fc-46b4-b367-0fd7477a87ea,https://api.nixopay.com/public/storage/17245/tmp85vcd0zn_p3.jpg,0
66c89110-a95c-40fa-8af0-44ccef518022,fb2edc9b-7885-44bf-b684-91bfd516c98e,https://api.nixopay.com/public/storage/17887/tmptl__6n41_p1.jpg,0
ace18aa0-1eb4-4c2a-88f7-4c9cfde136ff,2d8fa254-280a-4205-82f8-62d67198eb90,https://api.nixopay.com/public/storage/17893/tmpx2tfmgyl_p4.jpg,0
a40b2fb7-bb68-46ec-9671-2940c16033ab,7c6b8f04-f306-4f1e-9701-d0082d471835,https://api.nixopay.com/public/storage/17895/tmpqqjgj1h1_p5.jpg,0
677932f6-8e9b-4f67-9455-dacdab26f910,8ca0aaa3-3679-420f-b500-e766bdcfa88e,https://api.nixopay.com/public/storage/17897/tmp89hhbtqr_p6.jpg,0
26361b46-ee90-46f9-90f9-4cc0505f7cab,93cf28f9-afd8-4832-a3a4-4accebe15f07,https://api.nixopay.com/public/storage/17905/tmp6spf6tey_p10.jpg,0
80059280-b2dd-4eaf-a8c0-b76bcc27b2e7,5ab3f4e1-7318-4345-ab27-f9ee0287a7ce,https://api.nixopay.com/public/storage/17909/tmpxbrvt6dr_p12.jpg,0
328dd37f-03f2-4cf0-bac2-95e5ee8caf5b,99975a00-3c48-49db-9fd1-7e998950468f,https://api.nixopay.com/public/storage/17911/tmpsbuzqamj_p13.jpg,0
608e06ba-e32c-4403-bb2a-6b8cd8e25504,8b0ee641-7ff9-4596-99fd-7e1c6491dc17,https://api.nixopay.com/public/storage/17913/tmpjso_8nkc_p14.jpg,0
9587a65c-c7d1-45ac-8652-b1fd9f43b057,4e5c5b08-9e27-4e16-a7b5-811833bf251b,https://api.nixopay.com/public/storage/17915/tmprlkmyj0i_p15.jpg,0
3c2fa470-f36a-4f25-a096-9ce2185efa1b,38f5a626-5204-4645-a02a-43d4436868cc,https://api.nixopay.com/public/storage/17921/tmpi9ukpp07_p18.jpg,0
d2ebe62c-c642-4af4-9670-bbd1b7e16c4b,6be7ad12-457a-44cf-ab3d-726bc4642505,https://api.nixopay.com/public/storage/17927/tmpugchn7lc_p21.jpg,0
311b9572-8feb-4d5e-8165-a4e9f02e5c9c,55c47d09-293f-4c52-bf0a-a20aad64533a,https://api.nixopay.com/public/storage/17929/tmp63946t4k_p22.jpg,0
1dc25a1c-a000-457a-8730-00b685fb53d0,17556957-7849-4973-9425-fa6f579bbbb8,https://api.nixopay.com/public/storage/17931/tmp8jon5c88_p23.jpg,0
6ac8a6c8-2133-4bdd-af78-58596bacf617,d39c413c-2e0e-418a-a103-e4a7ca75fe39,https://api.nixopay.com/public/storage/17933/tmp_4mljkry_p24.jpg,0
f611627a-e863-4525-9d8c-66e8bf8f183e,512d4ef0-9a37-4019-9429-ab21b630e624,https://api.nixopay.com/public/storage/17935/tmpl8fnybpq_p25.jpg,0
f7e21164-1b88-46f3-a80d-4ff3ba109307,c22676b5-91b5-44ea-8fdd-2b9c93ec66b0,https://api.nixopay.com/public/storage/17939/tmp1q11dhl8_p27.jpg,0
64c07b19-726b-48af-9463-688a585ede59,4eb89eb3-6455-4843-a2ac-21f29c8e508e,https://api.nixopay.com/public/storage/17941/tmp9t7v6ale_p28.jpg,0
1ff21423-ec48-49c5-afce-b4e7beba4dcb,3469952c-37d4-4fdf-980b-632512949d7d,https://api.nixopay.com/public/storage/17943/tmpg3x9ylsk_p29.jpg,0
79597b7e-02c8-47e8-b92f-0682e27f7b98,a35361a4-54a3-4dcc-87d5-73bf36c5ae9d,https://api.nixopay.com/public/storage/17945/tmpyvk6xkai_p30.jpg,0
3d944f82-3027-4734-a856-9df2ce056e88,57bbf383-4dfd-4beb-a536-7e4d80b9ea48,https://api.nixopay.com/public/storage/17947/tmpdm1c_tsk_p31.jpg,0
35d9f3a0-89b6-4b95-b777-b0557ec94679,cb275774-dffd-400f-b878-472c64ebdfbf,https://api.nixopay.com/public/storage/17951/tmpnygrzwdb_p33.jpg,0
042f2419-77e8-437a-be4e-96d098ff5a82,285fa0b2-101c-4171-80bb-0b90f16f8f8f,https://api.nixopay.com/public/storage/17953/tmpov7165hb_p34.jpg,0
2e4168a0-e001-4fc3-800e-b1276b059441,140ea701-eed3-45a3-870f-b5087e4e450a,https://api.nixopay.com/public/storage/17955/tmpz44h3l5j_p35.jpg,0
2a09ba5a-50d2-4e5b-897e-add7322e7175,196d54b4-d8d5-469f-b8b5-776b6e09cc68,https://api.nixopay.com/public/storage/17957/tmpjewrtwv2_p36.jpg,0
1c439ca6-e23a-4ebc-8a84-d28f3cdc0afc,202d9b3a-b7b0-446d-a77f-4d3a596fad7e,https://api.nixopay.com/public/storage/17959/tmpx70vdhw4_p37.jpg,0
b2292cb9-7bcd-4a9b-8108-f2a750285ef6,1cd2c9c7-6b61-41c0-bfdc-8850287b91f8,https://api.nixopay.com/public/storage/17961/tmp2vq2nrx8_p38.jpg,0
1a9aa2c2-6fa4-46d2-8ed8-60dc7c77758b,aaa89f98-ca2f-453c-9c97-50724ee060bb,https://api.nixopay.com/public/storage/17967/tmp8daoajug_p41.jpg,0
72d39030-be50-435a-935c-e8b9ca599507,a56fbd1b-8eb7-468c-8732-33110c7cff77,https://api.nixopay.com/public/storage/17971/tmp3mtqtqlj_p43.jpg,0
b2c62299-326b-49f2-a50d-70747d0e3e50,b4d2b1f1-3c99-45fe-964a-7c89ed7508be,https://api.nixopay.com/public/storage/17973/tmpuwiacsiq_p44.jpg,0
37cca359-0e24-4b5c-bd5b-c81121a354ec,ca0b79ff-16c9-458f-82a7-d8f3c2e227c4,https://api.nixopay.com/public/storage/17975/tmphg5qqi6e_p45.jpg,0
3fddd04d-c09a-42bb-be6b-c23e2a7a3b75,01d9ba6a-b7db-4abe-b1a8-5878e3f3802c,https://api.nixopay.com/public/storage/17977/tmptr5dyzpy_p46.jpg,0
74783206-f481-4267-9a83-00d06dd21f9d,f01c8b23-cef6-45bb-bc16-3259228c5890,https://api.nixopay.com/public/storage/17983/tmp3wae2w49_p49.jpg,0
7f821d7b-dd0d-43f7-a8d4-ea2472b504a6,4acf8c45-4735-48aa-89bb-32cd908ad6d9,https://api.nixopay.com/public/storage/17985/tmp8db8wd84_p50.jpg,0
bb2e3d61-89d4-479a-9d08-ca2e8de69085,1b8d1a3e-a4d2-4c0a-aa1d-f16c8033dce7,https://api.nixopay.com/public/storage/18089/tmpvp533oh__p2.jpg,0
a3874c42-6f57-49e0-bdec-cd0672b3a398,c92c86dc-b3ca-4c71-93c8-85f65b22cf0a,https://api.nixopay.com/public/storage/18091/tmphjh76mu0_p3.jpg,0
eab458ed-32ab-4793-86ef-854d1a22a092,8cb7e9a2-d9c0-4957-990f-761addfbb882,https://api.nixopay.com/public/storage/18093/tmpafer88wp_p4.jpg,0
a5ef5278-372b-4bf1-87ac-873c7b26e7f9,afd258d3-7c73-4826-8e38-155b6104f771,https://api.nixopay.com/public/storage/18095/tmpa8zsin9g_p5.jpg,0
1abc3fef-d6f4-459f-9325-8b2806c85a71,1296f1a7-0740-4605-bb0d-f5de4b8ce125,https://api.nixopay.com/public/storage/18099/tmphbkcbdz4_p7.jpg,0
006c3288-541b-48f0-b5b5-0595eaf22c06,7d0fe76f-fbc2-4ca9-8275-1e15e3c62f9f,https://api.nixopay.com/public/storage/18101/tmpfss4shz6_p8.jpg,0
56d369ce-46f9-46cb-8dad-a83055ba8fcd,d61ae7da-62c9-4594-bcca-e96435802e0c,https://api.nixopay.com/public/storage/18105/tmpgvq5xzot_p10.jpg,0
b86baead-9cd8-4542-925b-d235bafa0320,a8c6025a-8710-491a-9a04-327d98b91ede,https://api.nixopay.com/public/storage/17247/tmpf6zi9kde_p4.jpg,0
593e168b-7d0f-4a43-bae6-b739de58ff29,f9b73ec2-dd66-4c10-a973-939b32afca47,https://api.nixopay.com/public/storage/17249/tmp6y2no5t9_p5.jpg,0
03e627bf-7638-44f1-a4b1-1f7e02f41e94,37860df2-d8c1-4dab-a8f2-5fee1d747d05,https://api.nixopay.com/public/storage/17251/tmpfvtqsnyi_p6.jpg,0
49dc0ae6-8fa7-4f58-82ed-5cbaf0b9101f,4197ab5e-d806-4e79-b640-dcf808696cc5,https://api.nixopay.com/public/storage/17253/tmplcj3khtq_p7.jpg,0
378564be-7fc7-4fd9-b4a7-47544f4f43b9,e568cefa-5b22-4d47-9cd7-60f7127a1c9d,https://api.nixopay.com/public/storage/17255/tmplsxfx065_p8.jpg,0
dd738f78-0047-4158-9fba-823303bd25ee,6c482065-2e62-4779-b36b-9149b5b5fe67,https://api.nixopay.com/public/storage/17257/tmpvmtol0qm_p9.jpg,0
82c66ce9-94d4-4d9e-8218-d4273a15624c,3439da98-6cb9-45c1-85d6-4aedad5c3b53,https://api.nixopay.com/public/storage/17259/tmp7ks8e5my_p10.jpg,0
4069ffef-ac42-4dc3-a713-d65d5eee5699,b31ce60b-46d5-4be8-9f02-8b1be58a96a4,https://api.nixopay.com/public/storage/17263/tmpjjis0vk0_p12.jpg,0
fcdb6201-df65-4ad0-9fd6-0ce5ac8a8db2,3d3235d1-7524-4393-ac47-6c91da4b73b3,https://api.nixopay.com/public/storage/17265/tmps8sag0ve_p13.jpg,0
08b26fb2-a35d-4c61-9e56-1d6fa800a9c8,738b179e-17c8-49ae-8764-d57c899d3d78,https://api.nixopay.com/public/storage/17267/tmpwalu1vt3_p14.jpg,0
8d4c99e7-55fb-444e-a6bc-c8ee2c4ee0c3,1bbfa861-cd60-462b-a3ef-035e6fd0dfb0,https://api.nixopay.com/public/storage/17269/tmp82b8pooj_p15.jpg,0
01ecd8c0-15df-4363-8a4e-28f44914d24b,1bf3c405-c829-49a8-9a26-599b25e8d004,https://api.nixopay.com/public/storage/17271/tmp5fnbg00n_p16.jpg,0
f1a619d0-a63a-4e74-859d-6d7f131ebb35,103b7d60-c8f8-43bf-93d6-a4e81afcbb90,https://api.nixopay.com/public/storage/17273/tmp2q3203q__p17.jpg,0
73d13199-7c07-421c-8221-504c8dd8bf7a,76ca8e17-8c19-4cc6-bb8e-9612459c6897,https://api.nixopay.com/public/storage/17275/tmpuocpqmpg_p18.jpg,0
06cf80aa-327e-4a6a-9ad6-da20128fa909,bb1a4e88-cf65-46f8-ad00-5157a46fb74b,https://api.nixopay.com/public/storage/17277/tmphvewac0w_p19.jpg,0
d4c3376e-6769-486d-a035-d0fe722c2248,29b02879-b21c-4659-ab09-5861cc0c3510,https://api.nixopay.com/public/storage/17279/tmpo12a4iy8_p20.jpg,0
e90fc958-6bca-44b4-8c04-d62f6906ee33,6d5ebe92-5d7c-4622-89e5-d3d8856cb759,https://api.nixopay.com/public/storage/17281/tmpjvhuh36c_p21.jpg,0
5fa184e4-0c90-488e-bf57-7e1181b2a1a7,ce113fc7-6614-42bc-b99a-dac02337656a,https://api.nixopay.com/public/storage/17285/tmpy7ai053z_p23.jpg,0
1f2ecc15-5037-4140-ba0d-0ca533fc6cfc,775fc54b-cf02-44f5-b068-da45962b9355,https://api.nixopay.com/public/storage/17287/tmpspllgnge_p24.jpg,0
6ec9c8d8-8445-476f-a127-93716d2f24d2,88ff4ded-d52c-462a-8132-f095615fa598,https://api.nixopay.com/public/storage/17289/tmpyvw_55xb_p25.jpg,0
d4385d4f-13b9-447d-820f-915b9091f851,17434703-241c-4bb9-920d-a7d7df1f211a,https://api.nixopay.com/public/storage/17291/tmp47wq932u_p26.jpg,0
bafdba10-b12c-4bff-8a77-c342a9a1bb87,79600e8f-e466-4f9a-8bed-0b10e6f3cc82,https://api.nixopay.com/public/storage/17293/tmp18n4878a_p27.jpg,0
a9e7c9f4-6f52-4a9a-ae79-4a27478cdd0d,5f3a07ac-397f-4508-998c-c8fa4ea67b4c,https://api.nixopay.com/public/storage/17295/tmpvsm4wtvw_p28.jpg,0
ad642e35-919d-4d93-86f9-0f82d017bb26,d70cab9b-33ce-4b64-b535-42fde75ca2f9,https://api.nixopay.com/public/storage/17297/tmpvlglaxnp_p29.jpg,0
70f0e203-a068-40a7-8443-67b9e789272b,1bcd128c-5ca8-43e7-acc0-83b9985b61a2,https://api.nixopay.com/public/storage/17299/tmpolnvh1td_p30.jpg,0
2eeceb3f-7583-4f7e-ae50-2fb6a49fa8ba,1852a5ed-2db5-4a59-b12a-62107689ab78,https://api.nixopay.com/public/storage/15861/tmpediurosi_p2.jpg,0
7d3294d1-1419-4076-ab8f-0edc6a72c659,fdb249d8-e163-43e6-9753-70bac9b21546,https://api.nixopay.com/public/storage/15863/tmp7285amma_p3.jpg,0
9e663cb3-c23c-4f0f-a3f8-c8c28ea44e80,184064f4-76d4-4ed1-a8a2-c6acd923dc18,https://api.nixopay.com/public/storage/15865/tmpm97o0ndc_p4.jpg,0
3bc7fb4d-d3da-4e69-b3b8-1ab81c44e520,3729cacb-d0c8-4b6b-9c64-121ea7e6ce5a,https://api.nixopay.com/public/storage/15867/tmp232dr8cg_p5.jpg,0
5595e2e1-342e-4e46-9659-5103e93be661,6a707d42-0038-4a45-acfc-4d1d6222245f,https://api.nixopay.com/public/storage/15871/tmpeczsod0o_p7.jpg,0
5dd209cb-7406-4745-b016-3b6f929b8500,297d0fe7-3173-4279-9bd6-07043114a00c,https://api.nixopay.com/public/storage/15873/tmpw48_s5ky_p8.jpg,0
71b96ec0-da99-4fa0-8596-e6ad90793ffb,07b0ce54-a4f3-4272-9ff6-3a2deac46b0b,https://api.nixopay.com/public/storage/15875/tmpqna5emwd_p9.jpg,0
3067a2e6-a443-4a3f-ac6a-016addc5bcde,d2f293cc-cbbd-4501-a650-51eea2a07446,https://api.nixopay.com/public/storage/15879/tmpzzhrrkuo_p11.jpg,0
ac168b62-fb56-4746-9d6a-3f05a5eff5ad,3b639bad-1f1c-4494-92e1-0406f572797e,https://api.nixopay.com/public/storage/15881/tmpt077fbfm_p12.jpg,0
d7bc422a-c094-4ffe-94bd-51eae86d8979,221ef61e-e4cb-40df-ba3f-5cc57fa3c3ee,https://api.nixopay.com/public/storage/15885/tmpu_4qsage_p14.jpg,0
2f41deb0-3dfa-428d-baf5-0b346bf4d64f,9430b969-92b9-41b0-a91e-ecfd1412210d,https://api.nixopay.com/public/storage/15887/tmppj3fp5ch_p15.jpg,0
10660947-c3c4-4c2c-b2df-3555fde049ef,ebaf5431-11dd-4546-ba6c-0265dd387f8a,https://api.nixopay.com/public/storage/15889/tmpzwvomdhb_p16.jpg,0
606701f8-6aa2-4a4d-ab83-27d59f276bcb,75da239d-5a61-4320-92f2-7f4508ca537e,https://api.nixopay.com/public/storage/15891/tmpfe59g30i_p17.jpg,0
e6f5bdd7-48d1-49a6-9aba-8b2eaaa3554b,1fbe2ddc-730d-4c46-bf65-1f0a3d1e8b72,https://api.nixopay.com/public/storage/15893/tmpp9p23tb2_p18.jpg,0
dc8d9b05-f200-4f39-a0b3-986d8ca946e8,eb813412-89d6-4939-b09a-449e81134e8e,https://api.nixopay.com/public/storage/15897/tmplf4o0s3a_p20.jpg,0
f67357fa-f1a4-409a-b751-5fba869aaa3b,65749e18-e84e-4c1f-8dbb-bf64dfcfc52d,https://api.nixopay.com/public/storage/15899/tmpi8dul3tt_p1.jpg,0
61bb8343-85b4-4d2c-b1dc-718e3e4baea4,877a6f99-d3e6-4454-9a18-a10fa94da1ac,https://api.nixopay.com/public/storage/15901/tmpr9swak9g_p2.jpg,0
395893e5-b793-4387-a066-f3b371286635,a63bf6fd-8bcf-4294-b748-cf1ea0fef898,https://api.nixopay.com/public/storage/15905/tmpez4wdjcw_p4.jpg,0
047a1668-bc19-4802-95fe-736fb85c18b2,a2b9ea99-b4b9-450b-8617-14af505accfd,https://api.nixopay.com/public/storage/15907/tmpdlrexatc_p5.jpg,0
3be92066-920f-49ac-8348-dbeef314a136,4871db02-d4c7-4159-a32d-7e2c5d6cb5a4,https://api.nixopay.com/public/storage/15909/tmpaf0ppoo3_p6.jpg,0
03aa9dd4-a899-4dd8-8274-54232fa6729e,f54bbc9c-beed-444d-8696-9a88f2439167,https://api.nixopay.com/public/storage/15911/tmp4c1g83yx_p7.jpg,0
61b8084b-a09f-40a3-84c7-886c9e54f4c0,d3fbab3d-4ed3-490f-8bd4-5895f9730873,https://api.nixopay.com/public/storage/15913/tmp6_6zwi2w_p8.jpg,0
52a6736c-0184-40b2-90ae-5746194e06cd,17da73c2-d4f3-4e57-b758-793ed6280951,https://api.nixopay.com/public/storage/15919/tmpq9zj80ok_p11.jpg,0
2fc99722-18b7-47cc-8e5d-91f7377717e2,68b190c3-6cc3-4821-9702-a694d8736fc5,https://api.nixopay.com/public/storage/15921/tmp102w63r0_p12.jpg,0
32493271-6a37-43b7-b3ad-971fb2632068,65a8b654-e133-4388-a860-6dd8717f6631,https://api.nixopay.com/public/storage/15923/tmpzs42h6qp_p13.jpg,0
725535bb-d652-4d2b-b47d-375e26668b87,5365efd7-c535-4042-9806-f24e0af303e1,https://api.nixopay.com/public/storage/15925/tmpbif4mrf1_p14.jpg,0
bf310444-9064-4ec9-a913-a2cf15c093ec,65e03d34-894c-4361-be02-2291858da700,https://api.nixopay.com/public/storage/15927/tmp_ohteqzv_p15.jpg,0
6613ecd2-9541-4d50-ad24-32cb1b0906dc,e81cbdc2-f6e1-4a2a-bfb8-dc4c0c89532a,https://api.nixopay.com/public/storage/15929/tmp6ftdh0js_p16.jpg,0
5c7dc573-d564-4fa6-af81-ecbd3df6a00a,2d925cac-9cc7-4a92-8bbc-eeac2badbadb,https://api.nixopay.com/public/storage/15933/tmp7tdw4in9_p18.jpg,0
101e29d4-07ef-4bda-b024-521da6cada1d,d52e1cf4-7a87-4712-b7e0-504bc4247ebc,https://api.nixopay.com/public/storage/16197/tmpl7dprvo1_p1.jpg,0
f4d9ffbf-2ac7-49bc-b3c3-f9928365e55b,7ed541ae-fd28-4b59-84bc-fca33c5adeaa,https://api.nixopay.com/public/storage/16199/tmp66zn_hor_p2.jpg,0
383346eb-12b0-4ec7-af7b-416688747b58,8d96045f-17f3-45c7-8b0e-22a62651fe64,https://api.nixopay.com/public/storage/16203/tmpst2ghcjr_p4.jpg,0
442273e6-0dab-4e3d-8a7d-2452233dbf6a,974d1779-c9c2-42d8-8973-edc50ecb2c6d,https://api.nixopay.com/public/storage/16207/tmpa59fqlhk_p6.jpg,0
864ffd7d-ad78-4006-b45d-c4d3b0f19609,9c2602b0-1053-485b-960e-0d98ceb16bf7,https://api.nixopay.com/public/storage/16211/tmpwv_fzbir_p8.jpg,0
f6fd2483-e9be-47b9-9dcb-0aff68b35079,3ae8e5da-b3f4-4ade-8bd1-e99ad189b0cc,https://api.nixopay.com/public/storage/16213/tmpyzynojbe_p9.jpg,0
1760cc21-a2d2-4ea0-b817-d3c231a93f50,74ab5340-7bde-425b-adb1-e219c05793d0,https://api.nixopay.com/public/storage/16217/tmp6sc3u1q0_p11.jpg,0
d472d261-185e-46b1-adf2-7da255865c34,b5527988-cdb2-4100-8e06-bfc8636cd85a,https://api.nixopay.com/public/storage/16219/tmpo87sojgm_p12.jpg,0
a15994ce-21d0-4b21-8ec7-bf2b473ee12b,d99360df-dd27-4fa4-9eec-8833a272d01e,https://api.nixopay.com/public/storage/16221/tmpjgtz9c44_p13.jpg,0
e7a15f7f-db1c-4696-b7f8-e4f905a0fd3a,09577b5d-028b-41f5-934f-a59b4f18c246,https://api.nixopay.com/public/storage/16223/tmp50k1je03_p14.jpg,0
66b76ace-b0b5-4590-8ba3-701a114df6bb,3576338d-9a17-40ad-bd2b-05f583ce21c8,https://api.nixopay.com/public/storage/16225/tmpg5i6p104_p15.jpg,0
f4aa0e22-0ff5-4ce4-9759-0569d04a49c6,a2996240-d183-4287-979f-9d8780fce28a,https://api.nixopay.com/public/storage/16227/tmp1aqcvgcr_p17.jpg,0
6dff862d-1a85-4167-9a23-f732b83ecfc9,ba5a4a88-fe62-4627-b4c0-df7ad5c45157,https://api.nixopay.com/public/storage/16229/tmptber_nl0_p18.jpg,0
d0d0cdcd-5c4c-4882-ac94-c4c959a89d7d,526e5bbd-aec0-434a-a4d5-e26072f952bd,https://api.nixopay.com/public/storage/16231/tmpukhwyx4i_p19.jpg,0
e352093d-ac20-4591-864b-167e856908e3,6af1a60f-1e55-4f3a-be63-c2e6c3128395,https://api.nixopay.com/public/storage/16233/tmpqa_cj1n3_p20.jpg,0
02cefe0e-af04-4af4-bec6-563a5c7b21cb,0fbb15e0-abb0-4d7a-b47b-a4a926766d37,https://api.nixopay.com/public/storage/16235/tmp8wul88ah_p21.jpg,0
159cb16b-079d-47e7-bf29-4fc66614daad,fd2179c9-1d78-4725-84a0-a1375cd0e70e,https://api.nixopay.com/public/storage/16241/tmp4g3ex10k_p24.jpg,0
46c5332d-6be4-4310-903c-0d99de9c72a8,da6042c1-35d7-495e-bf40-a8a46a187e23,https://api.nixopay.com/public/storage/16243/tmpjnt67mau_p25.jpg,0
ed480a44-2202-4186-a2ed-4da2c625c799,73b8b02d-f0cd-459c-bd3d-98ae57a97bc1,https://api.nixopay.com/public/storage/16245/tmp6orwioi6_p26.jpg,0
41e5d04b-132a-46e4-9f38-3ea3909a39cd,003a9279-6656-44a0-b003-94f1d9b19c0c,https://api.nixopay.com/public/storage/16247/tmplotedg86_p27.jpg,0
4cb406a9-9a87-48de-ac95-17b6bcee6f99,e403d0c3-6889-4ec6-83ff-cea6fcbec7cc,https://api.nixopay.com/public/storage/16249/tmpuxqabv70_p28.jpg,0
02ca32c2-8406-4cbe-83d2-04ce1a94de5f,29b90bf2-61f6-40bc-ace6-fa43f88126b3,https://api.nixopay.com/public/storage/16251/tmp8vpqfhr__p29.jpg,0
def0e441-c518-44e7-82a4-b1d4f0cc3147,916c4291-b7e9-43fe-970a-739b772986c5,https://api.nixopay.com/public/storage/16255/tmpe7w_dy6f_p31.jpg,0
5ad8b3e5-17a5-4bfa-8ec2-130b5d2d37d9,0437c2bc-32ae-422e-9aae-967350deaf5e,https://api.nixopay.com/public/storage/16261/tmp82cliqsa_p34.jpg,0
129e6503-15de-4169-8273-0f910640e883,d67292a0-9548-407a-af27-c6ff3c4062df,https://api.nixopay.com/public/storage/16265/tmpjb0n0_aa_p36.jpg,0
e28d7c6f-ce62-4675-a69e-ce47e8b1f0ed,7330aa3a-6a75-4965-ae75-ac85270eb7a1,https://api.nixopay.com/public/storage/16267/tmpj3til9jc_p37.jpg,0
8eb415ac-6422-4b72-a55c-c1f98c2b52df,ada9efa9-b0dc-4ee6-aea3-08a1a7445772,https://api.nixopay.com/public/storage/16269/tmpyqrs_3wj_p38.jpg,0
2d1b48f8-060e-4a72-b2d0-165a287c2d06,264a226b-ccdc-4191-bc3e-1d6b0ad6acdf,https://api.nixopay.com/public/storage/16271/tmp8zjye5j4_p39.jpg,0
609b631f-587b-47fe-9342-3e44a1277d4f,a5718547-dee6-48a4-8602-16b6749fc48e,https://api.nixopay.com/public/storage/16275/tmp4pw5sr1q_p41.jpg,0
44370c0b-dc2a-432b-b652-8f87ca5eb818,1657f65e-a9ad-4064-87f7-4180575e7d1e,https://api.nixopay.com/public/storage/16285/tmproae2sd1_p46.jpg,0
3c9fffc8-38bb-409d-b886-c067fcacaccd,775d5cdb-42ab-4317-8b3e-dd4bdb1877b0,https://api.nixopay.com/public/storage/16287/tmp9eph2v0i_p47.jpg,0
a5c3a98a-1078-4dd7-b371-c5ea328beeb5,5a51d6c7-625b-4d18-98f8-86673861bdc5,https://api.nixopay.com/public/storage/16289/tmpp9i0wh4t_p48.jpg,0
3fd70f03-770f-4723-9482-114c3b6d34f3,7e3d128e-7a2e-49ae-8b4c-37ca12eb3132,https://api.nixopay.com/public/storage/16337/tmpejj9ogrh_p22.jpg,0
6b58a030-cf26-4c87-83a2-2f575eca423c,4b37019f-8a03-4aab-a4b0-52efe76f2be4,https://api.nixopay.com/public/storage/16381/tmpcnvmlebf_p43.jpg,0
36cbda84-bef1-4354-8956-ce7bac23cd97,115da175-dfaa-45a0-821c-63714ed70a95,https://api.nixopay.com/public/storage/16345/tmpiyxy4q9u_p26.jpg,0
b214247a-aa11-4f77-93d4-b73d793ecb15,2ede46c3-943a-4883-9368-0996e759589e,https://api.nixopay.com/public/storage/16387/tmp1ofgcjbt_p46.jpg,0
04d1d1c4-cc56-4041-a756-ea65fd04c8ed,75054fe5-105f-4285-9db3-1d1b1d0a5d63,https://api.nixopay.com/public/storage/16349/tmpuhyow12q_p28.jpg,0
a2ec2c61-66e9-4df1-9be6-c13c23c85424,a7e03f99-bc20-4ce0-bf5b-c0b3d7077d22,https://api.nixopay.com/public/storage/16393/tmpfgfkks2z_p49.jpg,0
e0903110-5463-4b39-9414-97ce84c64c82,b261f3e0-4033-491e-9928-82b48ad8a1bb,https://api.nixopay.com/public/storage/16371/tmpo2dhg6up_p38.jpg,0
5be7421c-47e0-4c90-aeb7-41b4d7defdca,cb695385-4662-4782-99dd-9aada25b0869,https://api.nixopay.com/public/storage/16347/tmpbn42n81p_p27.jpg,0
dfbf27af-c775-43a2-b72d-9f7cbf218957,afc6239f-164a-4822-ae35-e9fb92911e68,https://api.nixopay.com/public/storage/16295/tmpsayhvgl6_p1.jpg,0
7876473a-1888-41b0-9218-21abfbf4f9af,8b0f975f-ddf1-43ae-afe9-8a97d08e588c,https://api.nixopay.com/public/storage/16351/tmpdu6y228m_p29.jpg,0
6a819b74-7cf4-448b-8342-e02b29ff4ea2,e2a4db50-4fb8-478e-a784-2680e9e32258,https://api.nixopay.com/public/storage/16329/tmpny9i5cuz_p18.jpg,0
71610014-c037-48a2-aef7-c88afd67ba4c,28587682-8930-41fd-a6b8-55b649609f8b,https://api.nixopay.com/public/storage/16365/tmp2howxx5f_p35.jpg,0
8a3ff563-341b-4730-b52e-8e7e09a3e8a2,21e416e2-ee01-44c0-b018-935adc125812,https://api.nixopay.com/public/storage/16343/tmp509zeccd_p25.jpg,0
528b7b34-5d1e-4321-9436-76d467784c7e,5566f9a2-cfef-44b3-aa91-8a14a5c2a6e4,https://api.nixopay.com/public/storage/16325/tmpolkr2m7c_p16.jpg,0
1bc2347c-9c74-4472-8f4a-647718b7ae87,8f4c2bc9-dfd4-400a-b2ac-1851b7c757bd,https://api.nixopay.com/public/storage/16377/tmpv2au54oh_p41.jpg,0
0c57a669-1f5a-479a-a1db-9b7500cf9807,04513120-e1f2-498f-a0af-3701cfcae4f4,https://api.nixopay.com/public/storage/16379/tmpi0rijva7_p42.jpg,0
0b3fdef4-8dfe-416d-bc5a-350881bf17f8,9c12297b-e521-4074-b366-682bbab666fd,https://api.nixopay.com/public/storage/16319/tmpmxyq8927_p13.jpg,0
cfbd28bd-e519-4e08-bc4e-9b899dbd4d34,2aadd79b-08c0-4301-b77e-f83975e6bc2e,https://api.nixopay.com/public/storage/16353/tmp607q2drj_p30.jpg,0
dd4e7e4c-54cb-4b4e-a4a1-1034f141a93c,0a532b52-d045-445e-ae20-a8270608733f,https://api.nixopay.com/public/storage/16305/tmpqc9r0fo1_p6.jpg,0
665f73a6-6c4c-4899-b3bc-0d67eed6ed88,0d536b79-3efa-4dec-81de-b8929ba28100,https://api.nixopay.com/public/storage/16391/tmpueq7szv0_p48.jpg,0
8024aee5-eb41-44eb-b4e6-83584e0305ac,4e7dfe36-87fb-4de5-94b4-539b67cf0269,https://api.nixopay.com/public/storage/16385/tmpvu7van7g_p45.jpg,0
ee747658-74a2-41b3-b92b-1f31e5dd04d9,d9926923-a2c6-44dd-a8db-4fe58eb2cc33,https://api.nixopay.com/public/storage/16307/tmpil26lgf1_p7.jpg,0
4ac6c395-e5a1-49ca-b920-6881436b26ab,f24a1522-56a3-40ad-b2ca-79d0e5f18e58,https://api.nixopay.com/public/storage/16395/tmpsjkxm51__p50.jpg,0
4c0e968e-7500-43a3-8940-02c9417456a9,287c52d6-bc7e-42c0-ab53-74a09ab43531,https://api.nixopay.com/public/storage/16321/tmp5a_r77g__p14.jpg,0
87d6486e-5026-4027-85e3-6e3ac13af9ea,291a959f-7089-447e-8f98-ddd61d65fb5a,https://api.nixopay.com/public/storage/16315/tmpf5d49xw5_p11.jpg,0
a9f710ff-94cc-45ab-96c8-99959ac96186,64334984-7214-4e05-9720-c31d707937b4,https://api.nixopay.com/public/storage/16339/tmpowc0seuv_p23.jpg,0
e992f15e-9916-4808-8087-c8a5a25d4af6,3dafda07-00ac-4837-bf9e-9ddf5311ccaf,https://api.nixopay.com/public/storage/16363/tmphyk3uao7_p34.jpg,0
91bc54d3-9c3c-4aa7-a982-f039b87659d1,75aba3e4-1d11-4d57-8424-c4fb006b7d5f,https://api.nixopay.com/public/storage/16317/tmpg04wv3_n_p12.jpg,0
eb9b4658-fb36-482e-86bf-83ca231a9caa,4bc13472-bb45-4ef2-b7c4-8fa31df9184c,https://images.weserv.nl/?url=api.nixopay.com/public/storage/15977/-473Wx593H-701468660-maroon-MODELpng.avif&output=jpg&w=800,0
0814bf23-343b-4f4c-a872-a8dff2bdc989,f78cc370-6a14-48f3-ab9d-6993b5cc98ab,https://images.weserv.nl/?url=api.nixopay.com/public/storage/15979/-473Wx593H-466560191-cream-MODELpng.avif&output=jpg&w=800,0
50e38f1c-4861-4ec7-9782-2c3fed321fa5,3a9709f2-c5aa-4bbd-b310-38a0882c1ff7,https://images.weserv.nl/?url=api.nixopay.com/public/storage/15981/-473Wx593H-700388995-blue-MODELpng.avif&output=jpg&w=800,0
775658b2-9185-43a9-8121-a78083828331,b3e5a949-a046-41e0-9363-b6339557add4,https://images.weserv.nl/?url=api.nixopay.com/public/storage/15983/-473Wx593H-443281008-grey-MODELpng.avif&output=jpg&w=800,0
f7055aa8-bc70-4124-8901-c1b840e7dcb6,4141b441-cdbb-49f5-a796-71cce950c4b9,https://images.weserv.nl/?url=api.nixopay.com/public/storage/15985/-473Wx593H-702606997-brown-MODELpng.avif&output=jpg&w=800,0
d3107044-f0af-44fa-ad3d-6562ea183125,2689ae39-89cd-4bcb-86de-bf37565aa6e7,https://images.weserv.nl/?url=api.nixopay.com/public/storage/15987/-473Wx593H-703160235-brown-MODELpng.avif&output=jpg&w=800,0
0079fe32-c4f9-41db-af32-87d27ad302e6,f545a8e6-177d-407c-829c-df1a6c3e7bb5,https://images.weserv.nl/?url=api.nixopay.com/public/storage/15989/-473Wx593H-701085120-grey-MODELpng.avif&output=jpg&w=800,0
5e2cdc61-9f4c-4849-afa7-448366616753,55c6e1ac-bb16-4ba1-bccf-c464ccea7ba1,https://images.weserv.nl/?url=api.nixopay.com/public/storage/15991/-473Wx593H-700011374-white-MODELpng.avif&output=jpg&w=800,0
6487c223-25df-409e-8467-10431191bac1,da07f2a1-5175-44f5-8d9d-a61ee0cc6dea,https://images.weserv.nl/?url=api.nixopay.com/public/storage/16029/-473Wx593H-410237513-blu00-MODELpng.avif&output=jpg&w=800,0
0c83d6fb-97f3-4cd4-8ad2-59288047fbf5,0a2a1da2-0aa7-41db-bef2-a9895f25829f,https://images.weserv.nl/?url=api.nixopay.com/public/storage/16095/-473Wx593H-466997117-green-MODELpng.avif&output=jpg&w=800,0
0e6181ad-c041-49a1-acbe-7b6f1840e678,495ca113-418c-4508-90cb-40d0896e67c4,https://images.weserv.nl/?url=api.nixopay.com/public/storage/16291/-473Wx593H-466408018-pink-MODELpng.avif&output=jpg&w=800,0
99680a58-1731-4a0e-9259-ba50c7cf7744,38b27e97-a6ca-4578-83b9-0faf944fb4d5,https://images.weserv.nl/?url=api.nixopay.com/public/storage/16293/-473Wx593H-702143120-beige-MODELpng.avif&output=jpg&w=800,0
201e472e-0642-4556-8ebb-cf8878d2d519,b2e035f6-f0c5-425c-a67e-b0ca0c8bf802,https://images.weserv.nl/?url=api.nixopay.com/public/storage/16873/-473Wx593H-700286141-black-MODELPNG.avif&output=jpg&w=800,0
e21b6da6-fcb0-4364-94ca-c6fa2828691e,1f99bd52-386d-46fe-a875-dad8a5aab383,https://images.weserv.nl/?url=api.nixopay.com/public/storage/16993/-473Wx593H-701127051-wine-MODELPNG.avif&output=jpg&w=800,0
b574e079-9cad-4ef7-a29c-06b6f9827de8,0d00396e-c65c-4f2e-872f-dbdbf856de1c,https://images.weserv.nl/?url=api.nixopay.com/public/storage/17055/-473Wx593H-465399700-red-MODELpng.avif&output=jpg&w=800,0
f83efcb4-75c5-44f3-9b17-638eec83c5a8,3b6cb084-b7e4-4de8-9603-d086cc9f0e27,https://images.weserv.nl/?url=api.nixopay.com/public/storage/17117/-473Wx593H-700605576-grey-MODELpng.avif&output=jpg&w=800,0
01d87263-3410-49e5-a5b6-0b8ba526eff5,17461a9a-6e50-47ba-9505-eab5ad324e82,https://images.weserv.nl/?url=api.nixopay.com/public/storage/17495/tmpul0mpg6v_p5.jpg&output=jpg&w=800,0
28e57434-a26d-4c18-805e-a3fa17fb6df0,5edca4ce-19ae-4cf4-80e5-797648750991,https://images.weserv.nl/?url=api.nixopay.com/public/storage/17499/tmpurk4wpum_p7.jpg&output=jpg&w=800,0
5ddf5d49-3758-47ce-94d5-6ac182465f38,f1d05ac8-2298-42e1-b1b1-d6d286a3eea2,https://images.weserv.nl/?url=api.nixopay.com/public/storage/17501/tmpr1bmtuou_p8.jpg&output=jpg&w=800,0
eac344f7-2953-4903-9ea0-d1f9c383e161,2eb3d527-da66-41ff-af7a-cfb731dca24d,https://images.weserv.nl/?url=api.nixopay.com/public/storage/17509/tmpam4u12uf_p12.jpg&output=jpg&w=800,0
b3a3817e-bc08-4c4e-98e0-743a21adfd44,a569a0a1-dae9-443d-825b-6f01cfab29d7,https://images.weserv.nl/?url=api.nixopay.com/public/storage/17511/tmp8sq44ryy_p13.jpg&output=jpg&w=800,0
fd8897d1-6807-4edc-84fc-4844531b8784,af7165e2-08c0-4ad2-9773-459b0186fae8,https://images.weserv.nl/?url=api.nixopay.com/public/storage/17515/tmpkiixwtgp_p15.jpg&output=jpg&w=800,0
dea618b8-ecbc-4f31-81c1-08a4157475ba,5db9c5dc-b51f-4363-8544-dbdc64003440,https://images.weserv.nl/?url=api.nixopay.com/public/storage/17517/tmp2cpc2dos_p16.jpg&output=jpg&w=800,0
84422cd5-16d3-46bd-8525-ffe0f8b0a81d,5894b5e9-43b2-4c6b-ad2a-aa4db9391b78,https://images.weserv.nl/?url=api.nixopay.com/public/storage/17521/tmp9t5t3q7s_p18.jpg&output=jpg&w=800,0
948bba4d-eb6c-4b35-996e-55f61c57868c,6e05fe28-480f-4062-87ec-ffbec9387c7b,https://images.weserv.nl/?url=api.nixopay.com/public/storage/17523/tmpsdpajngc_p19.jpg&output=jpg&w=800,0
b4a4f203-7d9d-4855-9176-076bbcc79aa9,b5068592-79f1-4173-8134-2506d909f3e4,https://images.weserv.nl/?url=api.nixopay.com/public/storage/17525/tmpel3_gu32_p20.jpg&output=jpg&w=800,0
16dbd914-589a-4c7f-a639-7e13f86ec7e5,776048fb-4436-4100-86af-8694323e34bf,https://images.weserv.nl/?url=api.nixopay.com/public/storage/17527/tmpqnf6wstb_p21.jpg&output=jpg&w=800,0
7813a1e4-4585-4ad6-b79b-e4333c12a738,6b6d453e-98bd-4094-a02e-c6b3dc492bc3,https://images.weserv.nl/?url=api.nixopay.com/public/storage/17529/tmpwaxrh1qr_p22.jpg&output=jpg&w=800,0
4e7220a5-2b9c-4e9a-8cdb-9c8628aa5b37,ab402156-a644-413a-ac6f-a24f7eb2f5ed,https://images.weserv.nl/?url=api.nixopay.com/public/storage/17533/tmpsw5x3o7p_p24.jpg&output=jpg&w=800,0
eaad9bba-3db4-4fbb-9b1b-c03f61b3b607,f5f194bc-31f8-4c3e-83cf-2e0dcd7ea422,https://images.weserv.nl/?url=api.nixopay.com/public/storage/17535/tmpdp8r8tqw_p25.jpg&output=jpg&w=800,0
66e146bc-03dc-4d6d-96a4-d7887560e08b,e769d93e-1e81-425a-90a2-0ba82b1afa1d,https://images.weserv.nl/?url=api.nixopay.com/public/storage/17537/tmpte3ucokd_p26.jpg&output=jpg&w=800,0
8a397384-69f7-42b1-95b6-e23f0e33a7c8,4c204b03-e2c1-48da-88f0-20abc8adaa1e,https://images.weserv.nl/?url=api.nixopay.com/public/storage/17539/tmp4o6onsxh_p27.jpg&output=jpg&w=800,0
5527f438-1d94-47f5-b104-d56fa9c78b33,0bb9cb47-45af-4d9a-8094-9f73a0ea2f1b,https://images.weserv.nl/?url=api.nixopay.com/public/storage/17541/tmp01nsm_2r_p28.jpg&output=jpg&w=800,0
3a69ace7-2ae0-493f-9c8e-bddac1ef5ba8,058c10e9-234d-4aed-9bbf-e12922217a73,https://images.weserv.nl/?url=api.nixopay.com/public/storage/17543/tmpna3yet0z_p29.jpg&output=jpg&w=800,0
06abdeee-845e-4b1a-8553-8e286aebcd30,14bd4932-47fc-41e1-a6c8-c8f2dd1248be,https://images.weserv.nl/?url=api.nixopay.com/public/storage/17545/tmphox8vl8o_p30.jpg&output=jpg&w=800,0
d417f9f9-d8a5-40e9-a5e0-570d019328be,467a722e-e64d-4feb-8e7d-c8979ba1a415,https://images.weserv.nl/?url=api.nixopay.com/public/storage/17549/tmpfjgzgc51_p32.jpg&output=jpg&w=800,0
0483776f-7858-4e42-8d05-1aee13f88d6f,e3398658-adb8-4cc0-92d7-14153f01cc3d,https://images.weserv.nl/?url=api.nixopay.com/public/storage/17551/tmp5_buuag0_p33.jpg&output=jpg&w=800,0
64384a46-c5eb-4967-b4b4-b8efa73e83cc,3a70cb16-c259-4ab5-aa10-b64dcae493c9,https://images.weserv.nl/?url=api.nixopay.com/public/storage/17555/tmp8j4ew5rd_p35.jpg&output=jpg&w=800,0
88aead8e-0791-41bd-802f-8cd3f63c1896,2926ffd6-0c3e-457b-8a2b-cc990a3f894f,https://images.weserv.nl/?url=api.nixopay.com/public/storage/17557/tmp5ji_xymd_p36.jpg&output=jpg&w=800,0
352d5fee-5fbb-4af5-8021-1e1e981037e8,1dea0884-7db7-414b-b87a-f36705752374,https://images.weserv.nl/?url=api.nixopay.com/public/storage/17559/tmp3n281olw_p37.jpg&output=jpg&w=800,0
18162cb5-db71-448a-b799-8f3315085301,8d006989-5893-4bbe-8876-07372c9025a9,https://api.nixopay.com/public/storage/17353/tmp11lteu3f_p27.jpg,0
6224138b-97b7-4afb-9144-557f0bc22af8,d3322958-a520-4012-8b38-afe6d1137b29,https://api.nixopay.com/public/storage/19647/tmp7jso_91f_p1.jpg,0
7cb3bb40-7446-4b1d-ba41-3e633f9bc520,fa50a44b-4a70-49d0-ab8d-97d6ddc67428,https://api.nixopay.com/public/storage/19659/tmphimqhgyn_p7.jpg,0
f1ddd0f7-fab1-4ece-9456-ece3969979da,d4767303-cde4-4a86-88bf-ba963a269a2f,https://api.nixopay.com/public/storage/19667/tmp62stjrwg_p11.jpg,0
c7205847-7a61-4b2a-9ade-9e54a54d23ef,b8bac8ac-eefd-48c4-9981-cae0b6038ff1,https://api.nixopay.com/public/storage/19669/tmpuqo1bvob_p12.jpg,0
c49c6543-d56f-4f49-8710-629905c5d1a9,521f490b-4070-42c5-a0d2-4c669b0eeb3a,https://api.nixopay.com/public/storage/19675/tmpvkemrkbc_p15.jpg,0
48893092-655c-4246-95a9-46bfbe510c79,bf4d6d8c-151f-4fe2-b0bc-21b61a123443,https://api.nixopay.com/public/storage/19683/tmp080gzgnv_p19.jpg,0
9c7f242e-e41e-406f-80ef-2834cca6621f,9a67b4f7-2079-4674-a686-4185753342f6,https://api.nixopay.com/public/storage/19685/tmpjgk060bq_p20.jpg,0
2f48d4f4-9b88-4a6e-a3a0-04e535105115,b7dbadcd-159a-4d62-9ef9-9a6a6dcdab32,https://api.nixopay.com/public/storage/19689/tmp0gldvciq_p22.jpg,0
6cf355c3-fef2-488f-89e1-2a140bc1be4a,02c671c9-32ab-4ab9-a2d6-77a00988abc0,https://api.nixopay.com/public/storage/19691/tmpqvr3gqqv_p23.jpg,0
eff179f6-8f88-4c02-8985-c427bd945989,295f2bf8-7f75-4c2d-9c62-0e0969167937,https://api.nixopay.com/public/storage/19693/tmpdmwsp0zo_p24.jpg,0
12efc604-c154-4c49-bcb2-212b090a3600,4ca8f9c1-ff18-4079-86f9-dd021f3bf6d7,https://api.nixopay.com/public/storage/19697/tmpmxe5j4wk_p26.jpg,0
b2a80ee1-ad6b-4f61-b588-3a30cece3a5b,a3ae7353-4cd7-4ef1-bcbb-5d1f89beca4c,https://api.nixopay.com/public/storage/15725/tmpetxh17sk_p1.jpg,0
a35849f2-2886-4173-b81c-2584ed216283,960f9a08-d20c-4269-9ef3-7df7c91d9105,https://api.nixopay.com/public/storage/15729/tmpg64phlco_p3.jpg,0
93fdc7f5-a1ce-4bb4-b1b5-05e100f22668,c205b969-93e6-483e-8461-8c0da0a4761a,https://api.nixopay.com/public/storage/15731/tmpqr3vypin_p4.jpg,0
990beef9-896f-4560-92f3-cd8324f6d079,4c0ea18a-d209-49cc-9db7-0553219157b1,https://api.nixopay.com/public/storage/15733/tmpui1ugore_p5.jpg,0
ff35560c-b036-42ec-9272-b56a62394734,63151f89-d1b3-4ba4-9aee-edec34314434,https://api.nixopay.com/public/storage/15735/tmpcue4s99u_p6.jpg,0
7e8c7bad-3f00-4939-bccd-cb06b9658193,7ca15181-7ce0-42f8-b4f5-f110b70ebd5e,https://api.nixopay.com/public/storage/15737/tmp0qwvu7ng_p7.jpg,0
aac94509-cd14-4f13-8dd8-7ca5f88c39bb,fd4cd2f6-c872-4710-a558-36d83d8b62e8,https://api.nixopay.com/public/storage/15739/tmpf9x6dj6v_p8.jpg,0
4b996d3e-7416-491b-9a2d-861bcc8373aa,cad94dd7-7d4a-4f5d-b604-2341dac8ee47,https://api.nixopay.com/public/storage/15741/tmp71y0evyd_p9.jpg,0
698dc8af-aa18-4ea3-8885-32fc21ad53e8,96668d59-3a57-48d0-9932-463f806a2ef1,https://api.nixopay.com/public/storage/15743/tmpfe6bj3fk_p10.jpg,0
25d94268-9134-4d2d-9257-17b84583b34d,92269e20-e248-4692-ab1e-fc6b3fe979e1,https://api.nixopay.com/public/storage/15745/tmpdpe6gi_z_p11.jpg,0
475c2233-a987-42b3-8dba-373f0910a4ef,1a4f07a3-16d9-48e6-abd0-930a22b1c2e7,https://api.nixopay.com/public/storage/15747/tmppmy8acyg_p12.jpg,0
a1ee988d-4f33-4afb-aef3-ee33c167835d,3a3b1725-2a82-457f-9ca3-565a9e32c1b0,https://api.nixopay.com/public/storage/15751/tmpsxp6wrra_p14.jpg,0
db8c749b-d217-4eec-8057-99eee1838931,50c790d3-fa90-4cce-b02a-00ae05478eec,https://api.nixopay.com/public/storage/15753/tmp4_tqxfz9_p15.jpg,0
71b9a4cb-dd1c-446d-8eab-54702f03c3c9,aedeb0fe-62bb-49a1-86fa-0526489e6b59,https://api.nixopay.com/public/storage/15755/tmpww28o_ft_p16.jpg,0
b765c0b1-aa26-4011-ab52-3c84aa1b32a0,19ed7fd1-b3d8-44cd-9b35-ae7fd20441d8,https://api.nixopay.com/public/storage/15759/tmp85m0_fkf_p18.jpg,0
3a2260fd-b891-4fa2-ba31-e6e9e39f448c,8df81cd0-eb08-4f80-9748-fb802e87ab3e,https://api.nixopay.com/public/storage/15761/tmpo_yaxco2_p19.jpg,0
c8aef891-31f9-403a-9a5c-24c0d9718da3,278ddefe-2bbf-4417-a3e1-55930d6f7c71,https://api.nixopay.com/public/storage/15763/tmpabo701lw_p20.jpg,0
ff9fa405-6a1d-4a58-98ab-555e206a8ada,f4af09af-4331-40ad-86a2-971809554838,https://api.nixopay.com/public/storage/15765/tmpw2waj2ut_p21.jpg,0
05fd05c9-a201-4991-b3a8-dae0a7644554,0ecb209c-afa5-455b-818c-6204bb501ff3,https://api.nixopay.com/public/storage/15767/tmp6jjbv7sh_p22.jpg,0
5e148be3-6356-4a9e-a37c-6586120a1bb1,c155c88b-d95d-43a0-88a9-1935ed68a728,https://api.nixopay.com/public/storage/15769/tmpip3y59md_p23.jpg,0
a51ea9fd-69d6-44d4-9781-9734be6b7b19,c4f9b4fb-4170-4d6e-95c9-607698e64240,https://api.nixopay.com/public/storage/15771/tmpk4dtrn0h_p24.jpg,0
4064522a-dcb5-4fe0-8347-b283e673b61e,c562dfde-b634-4a45-8dda-e85139065774,https://api.nixopay.com/public/storage/15773/tmpcgq8q0aj_p25.jpg,0
d6804410-f811-408a-985e-1fecf9b6f090,90c3793b-c2cd-4f89-ad49-472f32e2115c,https://api.nixopay.com/public/storage/15775/tmp8_vak84l_p26.jpg,0
744ace7d-3bf5-496e-80d7-59477080d760,56ecff0a-4083-44e4-9fcd-1dcfe9137f24,https://api.nixopay.com/public/storage/15777/tmpib0e9mx__p27.jpg,0
4c59a9cf-fa97-4050-9ee0-1f7dd87df1fe,1ed44b65-c856-4e62-b2b3-b5a6acad9c0f,https://api.nixopay.com/public/storage/15779/tmp82xfy8an_p28.jpg,0
a9f8794a-2ea6-48f8-a0ca-1de6720ad49b,68543090-0f45-42a1-9df9-ddc923738e99,https://api.nixopay.com/public/storage/15781/tmpvpl6ctn2_p29.jpg,0
754219cd-af13-48b7-abaf-76cc5bf5011b,a3b93fbc-a945-4406-b47b-3541710096db,https://api.nixopay.com/public/storage/15783/tmp1xo3br8a_p30.jpg,0
cbc650be-40aa-4aa6-bddb-940284feabb6,dfd57d91-4557-4eb9-a759-efacf463a0e4,https://api.nixopay.com/public/storage/15785/tmp4zakz8vg_p31.jpg,0
bb615838-8016-45da-9386-f82d9201bd9a,b8daf698-4c79-491b-b11d-7445674fb267,https://api.nixopay.com/public/storage/15787/tmpuc3ijay5_p32.jpg,0
3a6719d4-5501-49e6-b85d-ac5099107bd8,dd77d942-d2d0-4808-a288-2a23a45c233b,https://api.nixopay.com/public/storage/15789/tmp1x76z1wm_p33.jpg,0
bb52180e-f485-405e-9dae-965dcc003e04,c244471b-f272-4337-8f85-f6cd96e1ad34,https://api.nixopay.com/public/storage/15791/tmp349p38q3_p34.jpg,0
175e97d0-3ca1-4b90-b37a-75c458d73a26,e61683cf-6639-47e0-a279-b9c0509a88b9,https://api.nixopay.com/public/storage/15793/tmpjfpaq16y_p35.jpg,0
821a1f2f-1111-4d79-b135-805557a33472,362c3609-99e1-4754-a99d-7f049c2568ff,https://api.nixopay.com/public/storage/15795/tmptr4_auon_p36.jpg,0
cae9d09e-5e40-4868-9475-230b788f5a7d,1ebac9cd-811e-4acb-81d2-01cbe49632d2,https://api.nixopay.com/public/storage/15797/tmpopu7_cjk_p37.jpg,0
86617d28-aac5-4c4c-87fd-6e43a7807a81,803e3419-9271-496c-93b7-0c8850b582b6,https://api.nixopay.com/public/storage/15799/tmpbzdb5cil_p38.jpg,0
15d43d50-7288-48f1-ba79-cad5345b7df8,035829f7-ee9c-4428-a6fd-6fe24fd4e3fc,https://api.nixopay.com/public/storage/15801/tmp8hn6q8dc_p39.jpg,0
817eb248-1dc2-428a-9939-44228d1f46c3,d70ddebe-4fef-478c-a684-29690d30d108,https://api.nixopay.com/public/storage/15803/tmp4rt7ke6a_p40.jpg,0
ed7e5982-2c8b-4210-b871-3f7ca4f63d5c,a19257a6-aae4-4e62-bfed-60d69869919d,https://api.nixopay.com/public/storage/15805/tmpqri6bj_s_p41.jpg,0
04d87b56-febd-4fe3-be24-a33009d9f58f,4d6cb362-2a9d-4e89-949e-f66932a7fdc8,https://api.nixopay.com/public/storage/15807/tmpfcj4y8ul_p42.jpg,0
5ef38e27-b341-4aea-8b07-8232da8afd7e,474e16c6-689d-4ecf-9a85-52386ef6ee0b,https://api.nixopay.com/public/storage/15809/tmpim4mzdre_p43.jpg,0
e430c6c0-c146-4d7d-808e-17284708f4d7,bfca6557-c91b-4c4c-99ff-217d4e16ac57,https://api.nixopay.com/public/storage/15811/tmp3xxt3av3_p44.jpg,0
ea7a831f-6f19-426a-b040-464b2dc274a6,28171e62-c816-4d06-9047-131b3012d82e,https://api.nixopay.com/public/storage/15813/tmpgdrgrtu3_p45.jpg,0
72e4e0d8-ebe5-4728-9db2-33f01c110db2,ec15e15f-f065-4a8c-8bd3-7f4882a668df,https://api.nixopay.com/public/storage/15815/tmp3uzmg5s3_p46.jpg,0
afd526f9-ffa3-4da2-bc93-ae4d26d0a50e,bd35d378-05b9-47a5-b5ec-465623e935c6,https://api.nixopay.com/public/storage/15817/tmp_9sd6dx1_p47.jpg,0
48fbbc17-d348-4454-af03-92b152b9b374,89cf83c7-6177-4244-b63c-958b06bfdcb3,https://api.nixopay.com/public/storage/15947/tmpod4oz92n_p6.jpg,0
fbf72940-df84-4004-8b4d-3656dcbe37fb,4a180789-c8ba-4f3c-b594-93bb4e93c123,https://api.nixopay.com/public/storage/15949/tmp0gf1lmh4_p7.jpg,0
eaa86628-06d8-424f-8432-2d3ce5c74617,22a9029e-9904-4358-9f0c-209edbeb45ee,https://api.nixopay.com/public/storage/15951/tmpumpi_bh7_p8.jpg,0
742aa1be-e833-4d0f-b1ac-5156f5e12bb1,0f75a1be-f8eb-4788-bdaa-a4d46e2f4a3c,https://api.nixopay.com/public/storage/15953/tmpz1zicf47_p9.jpg,0
e3b69ca0-c442-4acc-b79c-d7b9a775dea4,6b5cd934-e1ac-417b-bd53-bd2c1e838fd1,https://api.nixopay.com/public/storage/15965/tmpm0lz00yu_p15.jpg,0
24a9af93-dbf5-499d-8195-3a9779b9dffe,8fb20826-51e8-4c29-8dc1-6922a3fb1223,https://api.nixopay.com/public/storage/15971/tmpoaksbhif_p18.jpg,0
813395e1-5604-439b-bc19-44adf207aa2e,28833cd4-6b34-46f5-94f3-59a89d670ea4,https://api.nixopay.com/public/storage/16097/tmpc5lizdpo_p1.jpg,0
f5b0da01-e1b9-452e-8ab4-2747466085f7,83388872-1569-49db-b7bd-bdc18728dab3,https://api.nixopay.com/public/storage/16099/tmpx8_2fdup_p2.jpg,0
849d18cb-94d5-424b-99d4-f3ba0820d63e,4c76a699-3b7a-4efa-a256-8fbc09784e2a,https://api.nixopay.com/public/storage/16101/tmp0jmk8yj8_p3.jpg,0
cb0b70d8-2dd0-47dd-9a8f-7b4ea45bb6a1,fe87e90c-c9f2-430d-a68e-faca63cb6cba,https://api.nixopay.com/public/storage/16103/tmpaitm432f_p4.jpg,0
e6d22242-b56c-4131-a544-320c8f58eb7d,ce77d799-011f-4df0-8555-39e631aa369d,https://api.nixopay.com/public/storage/16107/tmpwbbi7yp8_p6.jpg,0
7c6989ee-680e-42bd-87be-c89b368fec63,07eae7ad-c2ad-4fdb-9221-12922030ed27,https://api.nixopay.com/public/storage/16109/tmpohs6qyf5_p7.jpg,0
13241f15-a517-4f6f-9d9d-c9082b64872a,cedbfb91-0475-49f2-b739-a5fc322e25ab,https://api.nixopay.com/public/storage/16111/tmplq_m2k0t_p8.jpg,0
67023446-9c9b-4db3-b90a-7be3d9b53393,d8834f03-470e-4c2b-b9d7-759143649de7,https://api.nixopay.com/public/storage/16113/tmpe6l2pox2_p9.jpg,0
2aac5753-a7eb-460b-b6a4-9f1cbe50d3af,9876c959-67e9-4c85-a443-5695fb00cb5b,https://api.nixopay.com/public/storage/16115/tmpjubszjpx_p10.jpg,0
4df0af62-a594-4154-a64a-f2ac6aeaefd5,a7d5ec77-60bc-40a2-948a-abc39a9cbbc0,https://api.nixopay.com/public/storage/16117/tmpnotmiw9g_p11.jpg,0
d788f309-e1d5-4e1d-ba54-a4694dcb48b2,9b3060e1-d478-4679-8f08-859c8070fd96,https://api.nixopay.com/public/storage/16119/tmpo4damhx__p12.jpg,0
7ae786a2-9c6d-420f-b253-c3b9496f85ed,b9adc7e0-705f-432e-99e8-645331614139,https://api.nixopay.com/public/storage/16121/tmpxap8hpes_p13.jpg,0
da9636a0-13dd-4874-be34-78099a1a22f1,cb0052e6-69ef-4087-849e-bc7174019173,https://api.nixopay.com/public/storage/16123/tmpgp7zedn6_p14.jpg,0
dc215b0e-e4bd-429a-b2f5-0a8deeacd16e,e8323c1f-5467-43e8-9849-c07acde97a0b,https://api.nixopay.com/public/storage/16125/tmp0d9whu7e_p15.jpg,0
5e95ed22-173f-4491-9b51-33ac19b5fd19,a98f96c9-f4a8-46a7-a943-a71c7c5039e5,https://api.nixopay.com/public/storage/16129/tmp36ilh90l_p17.jpg,0
45050351-a63e-46c4-b35f-92ea3d10e752,fee9a91e-f794-4acd-baca-74e39788bd9c,https://api.nixopay.com/public/storage/16131/tmpmig9on4p_p18.jpg,0
3aa56685-09b9-4bb4-9a45-0ede1a4576ec,ecacc4a2-a76e-402a-abb4-5975cfc2608e,https://api.nixopay.com/public/storage/16133/tmp60njs7vj_p19.jpg,0
230985dc-f202-4cef-a9d2-404b0c5fc95b,1a582b94-1bd6-4d7d-b577-9b8c17d7f1a0,https://api.nixopay.com/public/storage/16135/tmprgadq8a1_p20.jpg,0
c14a9a76-42d8-4a86-8911-416c77507cc4,a5a353f8-79e3-4e18-9714-cab07f01ee35,https://api.nixopay.com/public/storage/16137/tmpup6uby1d_p21.jpg,0
dbfebf98-b182-4495-9747-22fc03492738,3725b3bb-91b8-4143-a56a-b884bbea6cb1,https://api.nixopay.com/public/storage/16139/tmpugjhvbo9_p22.jpg,0
5d8135ff-dc3e-45bc-84e3-867ecce9fb2f,0f874068-8a37-4267-89da-532b81b5f7a4,https://api.nixopay.com/public/storage/16141/tmpvvwyau1a_p23.jpg,0
532a7456-1cd6-452b-a118-6cb6279c29aa,2e9ae452-2d3c-418d-abfd-57225ad53cb9,https://api.nixopay.com/public/storage/16145/tmpp0bowo6v_p25.jpg,0
1ee14772-7520-4b97-b96e-a602886e1eda,24a037d1-0ea3-417b-962f-7a3f6afcd7cc,https://api.nixopay.com/public/storage/16147/tmp5zdzmdqx_p26.jpg,0
6a0429e5-3ef8-4f0e-b210-ef8913d87c67,a9b10d11-3323-4581-b6d7-d061865e41c1,https://api.nixopay.com/public/storage/16149/tmpy71mkvvq_p27.jpg,0
71a114bd-dfa3-41b7-811d-fd72d1d1688d,7d595097-9ab2-43bb-838d-7b2a39b83a3e,https://api.nixopay.com/public/storage/16151/tmpj5ogo99u_p28.jpg,0
8be98d8e-aef3-4a77-923a-846b766faf91,167903ea-d4e8-4183-843d-1dd115d76a80,https://api.nixopay.com/public/storage/16153/tmp64bwn30k_p29.jpg,0
2bc9f8db-2bc9-42cb-a557-65df6b3a7408,7f206e31-c263-4d72-a04d-260bce1c7ecd,https://api.nixopay.com/public/storage/16155/tmpa6nmke2s_p30.jpg,0
f44e38ed-1612-4d67-a9a4-2a595c194143,36805400-29e5-4481-97e3-5d13f6524eee,https://api.nixopay.com/public/storage/16159/tmp7phj7omj_p32.jpg,0
a7676dae-4bd8-4619-81bb-ca96865c010e,605aff03-b2b7-486d-8011-4344a66db5ba,https://api.nixopay.com/public/storage/16161/tmp10sil9u4_p33.jpg,0
33d06b27-a874-4211-b8a9-bc17cadd776c,f8066459-c61b-4c33-a00c-17b5076be87b,https://api.nixopay.com/public/storage/16163/tmpn2tqlzf3_p34.jpg,0
410d3e7f-f5b4-4a57-b5b9-ebe9c0fa32bd,c7224003-1421-4005-8c2d-67e1a3a8a013,https://api.nixopay.com/public/storage/16165/tmpesmsslo__p35.jpg,0
d4fa229b-93da-4198-b683-c7d9def5ab83,9edd3ab6-69b1-48f4-bbc1-24a3775529de,https://api.nixopay.com/public/storage/16167/tmpey9yb9z0_p36.jpg,0
bd8a0590-1ab1-4295-bce0-4e2eda805d63,e911509d-5073-4ce0-907f-1b41018fea3f,https://api.nixopay.com/public/storage/16169/tmpnpnph16q_p37.jpg,0
9cc6d22f-7b26-4d86-8752-f9ddd8c66f0f,1d33b315-f2e7-4b19-b4bd-ab1d31fc8eac,https://api.nixopay.com/public/storage/16173/tmpzh3343xh_p39.jpg,0
64a070c6-da8c-4dfd-92f1-5e60d87ec69c,3e7a51be-55d6-4f11-90e7-cbb56fc1796b,https://api.nixopay.com/public/storage/16175/tmpmxnjt3bx_p40.jpg,0
93e2cbbb-c45d-4cbf-94c9-ea71a80d0f73,9e3124e8-3b10-4a22-89d3-e0819be530e9,https://api.nixopay.com/public/storage/16177/tmp3z7zw5aq_p41.jpg,0
68a4e929-c7db-4ced-85ed-08ff21f09968,95455947-67f3-4a23-99af-aaa1b1e62feb,https://api.nixopay.com/public/storage/16179/tmpcsq4mfxi_p42.jpg,0
60dbe361-9105-4d77-a8cd-b432ffaeb6eb,bcbc8fee-40fa-4d22-8b76-f36ca1bc1597,https://api.nixopay.com/public/storage/16181/tmpqcwysb6k_p43.jpg,0
caac6043-548a-4419-95fb-6e46490b125e,82a76403-1cd8-419b-b7c7-1f009c762d61,https://api.nixopay.com/public/storage/16183/tmpp1a4dn0r_p44.jpg,0
02f4a4a8-edc5-48f3-9b13-75d8ef1b3d13,c62e9371-e010-4f50-ab5f-b6c9789e4122,https://api.nixopay.com/public/storage/16185/tmpfb8f_7as_p45.jpg,0
3f0fb4c4-10fd-43b6-b898-86da65849be0,b173348a-0e6e-43a7-9e85-25c2d6714e40,https://api.nixopay.com/public/storage/16675/tmpqwygi8r1_p1.jpg,0
98886b6b-d20d-477e-8201-1d06d99e491c,2947743b-b5c4-4be3-8648-e01749e0e7a7,https://api.nixopay.com/public/storage/16677/tmpr4an3uk6_p2.jpg,0
a0eefa79-caf6-41e0-b422-d30eab1762a7,2e9e551f-b09c-4e40-8ed6-df4c103bf533,https://api.nixopay.com/public/storage/16679/tmpomb3wmap_p3.jpg,0
49546d92-74db-4fac-bf70-94f120bbd4ff,a0ded690-c118-426d-9a73-08d145b780a6,https://api.nixopay.com/public/storage/16681/tmppwq7hkky_p4.jpg,0
ffaef50c-a4fb-4b12-89ea-6afd5e783be9,720e81d7-0b85-443d-bc55-55ede07f42b7,https://api.nixopay.com/public/storage/16685/tmp40xxkrm4_p6.jpg,0
3dd4fd85-d450-49d9-8365-50a407c883e0,c107d11c-4a09-442d-8ea3-5249690f4e2f,https://api.nixopay.com/public/storage/16687/tmp_sq6gpjh_p7.jpg,0
e59fc324-0e48-4740-81fc-d677cbbd865f,b11e4949-376b-459e-942d-38ca6c40181e,https://api.nixopay.com/public/storage/16689/tmp_e3ze4m9_p8.jpg,0
2468954a-b11d-41db-85dc-d6ad44574bc1,a95900a8-25da-4cc7-a311-199b75ba50f9,https://api.nixopay.com/public/storage/16691/tmp1k8c7cb9_p9.jpg,0
78603b54-a18c-439e-be8d-32263dc963f2,3c7151e6-4332-441b-a156-e8a6d73a9e0c,https://api.nixopay.com/public/storage/16693/tmp2rha6m1t_p10.jpg,0
8e5f1ee2-4a2a-4ec3-aea1-ce86e85fe88e,2c5b4522-23a5-4aee-9c53-5835c969f132,https://api.nixopay.com/public/storage/16695/tmpx72ffwf6_p11.jpg,0
9f28625b-e721-406b-8bed-dc700da258fe,207793f2-0362-4793-a6b4-de20ab89b69c,https://api.nixopay.com/public/storage/16697/tmpskwi79n5_p12.jpg,0
3abed413-d44c-4fb1-9539-c02b2482d36a,ba23d2d7-462b-43b3-bcc0-0f3572ec0e1a,https://api.nixopay.com/public/storage/16699/tmp38dzw3_v_p13.jpg,0
d00d269f-2272-48aa-bb15-8982729f6644,61573975-d935-4bcb-9c24-0a73c54f1650,https://api.nixopay.com/public/storage/16701/tmpy_1fyxe0_p14.jpg,0
5e02a2dc-93ef-48a6-b2c3-7f730151eb39,8cbe5938-9774-44a5-949b-2b6dc6733cca,https://api.nixopay.com/public/storage/16703/tmp0zul0vfq_p15.jpg,0
23a2706e-f2bb-4b5a-91c3-d5c11c3dac73,3753e6d2-38fc-46ba-a5d2-e33820baa2b5,https://api.nixopay.com/public/storage/16705/tmpkh4byqmd_p16.jpg,0
c454c61c-13f3-489a-9d86-bc34daa31abf,51f5c74d-23e5-4938-9b51-ed499dc57c83,https://api.nixopay.com/public/storage/16707/tmp9mdb59bj_p17.jpg,0
0cd9a52a-66ef-4c3c-bc08-98427b766afc,29f864bb-f506-4f16-b632-bf23ee8a4b36,https://api.nixopay.com/public/storage/16709/tmpt9kxkt0d_p18.jpg,0
56b92715-99f2-4775-9433-13e4a90cd315,c34a6344-4871-49e7-9ce2-6b83d2ad62f5,https://api.nixopay.com/public/storage/16711/tmp5sej08po_p19.jpg,0
fa565add-febe-4d1e-903d-ae246de32853,de0d0d4b-11cd-43e8-af96-205ab42d7cd8,https://api.nixopay.com/public/storage/16713/tmpmsae_he7_p20.jpg,0
5b6c39e8-a02c-4cd5-bfab-aba0cf98d5b3,8ffc720d-52d7-4926-ab13-b044950bebea,https://api.nixopay.com/public/storage/16715/tmpvysucvr3_p21.jpg,0
a107098a-413a-4bae-a125-86042ddac3f3,8b3fde02-bb85-4911-8471-f32f51a10ef0,https://api.nixopay.com/public/storage/16719/tmp_dmn73dw_p23.jpg,0
1148b7c9-5e49-4ed0-8ec0-279ba235fd1b,b4a36b0f-0606-4e68-a085-7f7ab53ea006,https://api.nixopay.com/public/storage/16721/tmprpek2rue_p24.jpg,0
6eeb7f88-e629-4c70-8b38-c242112266bf,ef2fa853-f6eb-4bda-828b-7ab09c970275,https://api.nixopay.com/public/storage/16723/tmpt28vn4a2_p25.jpg,0
4547b28c-7209-4da2-9ada-69f5b796c15c,41275b9a-61ca-4598-85b8-c0e26ab86d88,https://api.nixopay.com/public/storage/16725/tmp76ccir0g_p26.jpg,0
bd740162-5002-48da-a499-d0d15f741f35,4426058c-883d-40e1-9ede-4612c4d0f88b,https://api.nixopay.com/public/storage/16727/tmpyyudnura_p27.jpg,0
9596a511-818e-4413-a751-a76ea391ada1,b8a7ba32-49c9-472b-baa2-7f1b6856c8b9,https://api.nixopay.com/public/storage/16729/tmp_scmc4_o_p28.jpg,0
af4c205b-b092-407d-82ab-b3d2ade2d455,149ef043-e33c-4f40-b044-b0aaa036598e,https://api.nixopay.com/public/storage/16731/tmptbkjwgc1_p29.jpg,0
21b58fe0-197d-42cc-9258-3b79d0de0c3b,714b7cc2-da57-4b38-b090-1ceb138a8df5,https://api.nixopay.com/public/storage/16733/tmpko9mvwmk_p30.jpg,0
b1aa3cc9-e58d-4332-93ee-d1c7a354cbb8,935efe80-b3c5-49ee-aa45-0f0983c6dff2,https://api.nixopay.com/public/storage/16735/tmpha8x41io_p31.jpg,0
444506a7-e467-4c37-abcc-8060460a9561,b4e1e434-c56e-4718-81d9-44ab0cbfd434,https://api.nixopay.com/public/storage/16739/tmp5psed3u4_p33.jpg,0
43e86700-5b19-4486-8754-7aec2040e824,27886b68-71cb-478e-8912-d6e9fb8a494d,https://api.nixopay.com/public/storage/16741/tmp8_srf9ub_p34.jpg,0
faf1d23e-4526-4bd4-ae6c-c67d8ef625d9,d2a2035e-6034-4599-b08c-ed2cd3273669,https://api.nixopay.com/public/storage/16745/tmpll34txz__p36.jpg,0
98dff36b-3ae6-423c-9622-13043e972b0e,bc7b02ee-4dd4-454b-9585-26cd6efb7e4e,https://api.nixopay.com/public/storage/16747/tmpelu59l9y_p37.jpg,0
4f06f99d-cb1d-41d7-82da-35cd7eb0329a,f4cbe77f-b914-4e56-880c-229b699cda3e,https://api.nixopay.com/public/storage/16749/tmp4_0isbxw_p38.jpg,0
2b76cc2a-135a-4d8e-822c-9422caafa174,d859e987-d4e5-4fa1-bb23-f2a188e63e0b,https://api.nixopay.com/public/storage/16751/tmp6j09pfvt_p39.jpg,0
ce0cb541-5d52-4215-a40b-c1fc36b7a179,deaa951b-ba57-4cc4-ae6a-5954d311287d,https://api.nixopay.com/public/storage/16753/tmpdd3fwh_c_p40.jpg,0
dc4652e6-7089-4fa8-9c06-13338179c591,5f7a1839-0618-4629-b5f3-096780e4fdc4,https://api.nixopay.com/public/storage/16755/tmpihf2duei_p41.jpg,0
fb50d815-ce5c-4442-b5e1-4a73b6f9c1a7,4445fc9b-2deb-461c-bf99-3b596c176225,https://api.nixopay.com/public/storage/16757/tmpzlj5gisb_p42.jpg,0
45306d68-2437-4e67-a1c6-230638d10306,f4188b42-21fd-458d-8ef7-7e8dc6c875d9,https://api.nixopay.com/public/storage/16759/tmpms0_fz9q_p43.jpg,0
c5426108-13e2-46ad-b1e1-8545f3d25020,bd00905a-e791-4b19-8373-03a95f94df00,https://api.nixopay.com/public/storage/16761/tmpzyqv2wdo_p44.jpg,0
03e1c215-9b89-4819-ab01-b81c01823f6c,c71d106f-af06-4b6b-8a66-78929e0c965f,https://api.nixopay.com/public/storage/16575/tmpa8s1txa5_p1.jpg,0
c9ed45ca-72f2-4d01-b379-870e2e2e1319,bf94f901-19c1-4a27-bebf-47e174115614,https://api.nixopay.com/public/storage/16577/tmpzeaxumzy_p2.jpg,0
3bf1b936-b51f-4152-8f82-536a40053668,07ed607f-c7ac-455c-a19d-1a317f63fcf1,https://api.nixopay.com/public/storage/16581/tmpxxw5y49a_p4.jpg,0
d8905007-7276-45a7-8733-cf0c8165e5af,d0994f79-b12d-4fa3-92d2-55973632fb23,https://api.nixopay.com/public/storage/16583/tmpmees4gx8_p5.jpg,0
7dfa5f72-a42e-439f-9a19-ce320d32abc6,f32ebd81-16f0-408b-9dc3-cdb0a12a9a64,https://api.nixopay.com/public/storage/16585/tmp7avfee7j_p6.jpg,0
7ff5f813-492f-4eba-b137-d1cb8cb27e70,6b4193f9-add7-4231-9c73-4d7b2a4d20db,https://api.nixopay.com/public/storage/16587/tmpm2z9s5s6_p7.jpg,0
6f587fde-612d-4c49-bb00-b4c07ee3fa7f,01fefac9-0e0a-426a-92d6-31d08a70f9d4,https://api.nixopay.com/public/storage/16589/tmpfa9uaulz_p8.jpg,0
fbca0dc7-7e54-4a4b-9ae6-832fbb739c68,a6367c7b-25e5-48af-bd7f-2ce0503f20a5,https://api.nixopay.com/public/storage/16593/tmpsfohyowh_p10.jpg,0
b4d22abd-80a7-478e-b733-5937c534d2b7,f63a3c26-bc40-4ab2-bf4a-bc954be2884c,https://api.nixopay.com/public/storage/16595/tmpfgotcmbn_p11.jpg,0
0df4e46d-1799-4c1c-9090-e87250aa4640,3cadffc3-15ee-4a25-8e3e-7eeb90d20f34,https://api.nixopay.com/public/storage/16597/tmp_88gfgwb_p12.jpg,0
3b1d0d57-5cda-4419-be81-5878371420ca,01220bf9-55aa-4508-a221-21a9d8222f58,https://api.nixopay.com/public/storage/16599/tmpmur3yed0_p13.jpg,0
c2090831-728c-4992-a0f1-ad6792edd6b1,173b5a12-2649-47a0-9f78-e567ac37bbb3,https://api.nixopay.com/public/storage/16603/tmppe5pfbfn_p15.jpg,0
d6888683-3cd1-475d-9dd2-66e45e8ddd5b,7c22a84c-207c-4b72-96c1-2ca1cfc1a764,https://api.nixopay.com/public/storage/16605/tmphgwu9cx8_p16.jpg,0
6c6ac4d4-bfa9-4af2-b74e-5d4f7dc002f8,0525302d-cd9b-428e-8f48-c5ebe2cecfe0,https://api.nixopay.com/public/storage/16607/tmphtlso0at_p17.jpg,0
53b0e99b-dc2e-484b-845b-206526d1f49e,ead6ea36-feac-4417-b64d-a68f6ef43a92,https://api.nixopay.com/public/storage/16609/tmpyyxroai0_p18.jpg,0
625e4a9b-46b7-43ad-ab03-8d59be0be436,b92d63a4-6bda-4bff-b4ab-fa8e69172419,https://api.nixopay.com/public/storage/16615/tmphxc9h2_c_p21.jpg,0
41c154ed-3e85-4b15-a332-119d73487ec4,a651ddee-5075-43a6-8b9f-034687e67d43,https://api.nixopay.com/public/storage/16617/tmphpbh810d_p22.jpg,0
292fc971-3da5-4fe5-b98e-fcb5b0051fbf,11ad3082-3961-4ad3-ad14-55bdea4e0e31,https://api.nixopay.com/public/storage/16619/tmpmhyqmwpw_p23.jpg,0
c1c98497-4e2b-4dbe-8441-899a2c0c8ffc,2be1c93d-cabe-478b-8f56-cb646a3e3609,https://api.nixopay.com/public/storage/16621/tmpqxhmg1zi_p24.jpg,0
15a6e660-2c96-49bc-b092-8fd14706dc58,30707237-0762-4ca6-b9c2-a1f8a58edf02,https://api.nixopay.com/public/storage/16623/tmpp1hzadhw_p25.jpg,0
e9d4aa19-ed0a-4eef-aae9-3e3234b80c48,b1f72731-8d1f-42ca-8da3-95bf534ba2d3,https://api.nixopay.com/public/storage/16625/tmp08usgw_5_p26.jpg,0
b29c48e6-9b44-4c6b-b571-79443954a4d3,d45af71a-9877-40ed-9f61-33d9a6e2ef0a,https://api.nixopay.com/public/storage/16627/tmpdvd35h83_p27.jpg,0
1f9e608f-3044-42b8-a084-9b6db40b7741,13726e8f-a62f-45f8-a2db-477cc076f72d,https://api.nixopay.com/public/storage/16629/tmp1muzzafl_p28.jpg,0
cb18a4ce-8420-4a89-b54b-e3623a39aa0c,a875b623-ca67-4f34-aa9b-e95b48afa39d,https://api.nixopay.com/public/storage/16631/tmpuzuyha4o_p29.jpg,0
337c0e8b-f26a-4930-ba92-0f6e28ded59a,6a0c9c70-4a4e-452b-bcd1-dedfa9fa3abf,https://api.nixopay.com/public/storage/16633/tmpuv6lyoj8_p30.jpg,0
5e58fa5e-82e8-46e9-af47-a4404fde0f62,f4e4d96b-2c73-4f9b-a76e-e62636b45054,https://api.nixopay.com/public/storage/16635/tmpyk6snh9t_p31.jpg,0
83efe815-eeee-4c3f-ace8-27d3c8ed4123,b65b3a6c-78e8-4ce5-9c78-5430bdb8bdaf,https://api.nixopay.com/public/storage/16641/tmp63pup6k__p34.jpg,0
14a920ee-8c0b-415a-8524-be34286eb6c8,a5b42229-3b0b-4685-b3ad-135bf0984385,https://api.nixopay.com/public/storage/16643/tmplm35omvw_p35.jpg,0
0fefdc57-d24c-42a8-8a77-0d6b76b9f43d,02849544-0626-472f-ba60-b692ecd45f41,https://api.nixopay.com/public/storage/16645/tmp6cwh5_qq_p36.jpg,0
07102c10-0082-4ef0-af7e-946e2f774bb9,edf00a46-5567-4c99-94e5-240f2bae6d5b,https://api.nixopay.com/public/storage/16649/tmp6_lrzh4l_p38.jpg,0
9c8ec825-22f9-4332-94d7-eed5e6b95c7f,14954f2e-5f5b-43dd-8a79-b4dc78279eea,https://api.nixopay.com/public/storage/16651/tmpnh1sjqaw_p39.jpg,0
a27a9867-577a-4e2e-90e0-2347c91be872,5bea6770-da79-467d-847c-9667d71e895b,https://api.nixopay.com/public/storage/16653/tmpzxfj9tkf_p40.jpg,0
2793b3e6-f5c0-42ec-999c-b1763253175b,7af196e4-3eea-4f58-8c44-15e31a2e598b,https://api.nixopay.com/public/storage/16655/tmpr6zwfyxo_p41.jpg,0
fd9ab093-807f-42d3-98ad-a5c2af2ca4e1,303e7505-608d-4949-b9ea-8485d7d4b5d5,https://api.nixopay.com/public/storage/16661/tmp_vm68qvh_p44.jpg,0
810bbfa6-146e-4075-9550-21bfb4ab601f,aa3148fd-42b9-4bde-982c-3ee8dbbf96c4,https://api.nixopay.com/public/storage/16663/tmpw_ndpxw6_p45.jpg,0
adbf64ad-3606-475c-be00-27c5cc8636ce,71fd3c20-5469-42ed-8582-b5747a88ff31,https://api.nixopay.com/public/storage/16665/tmps7xcno27_p46.jpg,0
27887477-0751-4ae4-89ee-abfa762d49b7,0942bc38-13c5-43e2-828c-7545b9700934,https://api.nixopay.com/public/storage/16669/tmp7oabk6ka_p48.jpg,0
281788d7-71db-4b0a-ade0-ec20e118988e,efa6f464-5ce3-4c0e-ac1d-5328788f9357,https://api.nixopay.com/public/storage/16671/tmpl42mpa1q_p49.jpg,0
0a8653d7-997b-4ce9-be30-f2900d870e10,7b0f8078-8b29-4762-8bbd-120ec1128bfb,https://api.nixopay.com/public/storage/17243/tmpdx3eu4wq_p2.jpg,0
